traj_id,point_id,x,y,z,roll,pitch,yaw,pos_err,ori_err_deg
0,0,0.3720000088214874,-0.09707499295473099,1.0986664295196533,-0.1701851189136505,-0.5920644402503967,-0.16484183073043823,0.0,0.0
0,1,0.37458059191703796,-0.0975121334195137,1.1039998531341553,-0.15819916129112244,-0.6108739972114563,-0.1761358231306076,0.0035647153854370117,0.8089084625244141
0,2,0.37768498063087463,-0.0982130840420723,1.108220100402832,-0.14630542695522308,-0.6259400248527527,-0.18817590177059174,0.005585432052612305,1.3901569843292236
0,3,0.3810218274593353,-0.0986427590250969,1.1104485988616943,-0.13414473831653595,-0.6370163559913635,-0.2005361169576645,0.005532979965209961,1.7814711332321167
0,4,0.38389360904693604,-0.09936053305864334,1.1126230955123901,-0.12267474085092545,-0.6452205777168274,-0.21384553611278534,0.00562286376953125,2.051377058029175
0,5,0.387094110250473,-0.09976339340209961,1.1139975786209106,-0.1113230362534523,-0.6501526236534119,-0.22752723097801208,0.004786133766174316,2.1624746322631836
0,6,0.39008915424346924,-0.10047644376754761,1.1164015531539917,-0.10094216465950012,-0.6520253419876099,-0.24226891994476318,0.005007505416870117,2.1132218837738037
0,7,0.39325883984565735,-0.10091063380241394,1.117851972579956,-0.09083136916160583,-0.6505683660507202,-0.2574182450771332,0.00424039363861084,1.9147907495498657
0,8,0.3961105942726135,-0.10157551616430283,1.1200705766677856,-0.08144568651914597,-0.6477400660514832,-0.273247092962265,0.004374861717224121,1.6557579040527344
0,9,0.39918187260627747,-0.1020715981721878,1.1214956045150757,-0.07204613089561462,-0.6436722278594971,-0.28911736607551575,0.0036208629608154297,1.3768612146377563
0,10,0.40219631791114807,-0.10264691710472107,1.123843789100647,-0.06293747574090958,-0.6398144364356995,-0.30522119998931885,0.0038031339645385742,1.1367719173431396
0,11,0.4051806330680847,-0.1032339483499527,1.1253714561462402,-0.053792715072631836,-0.6352359056472778,-0.3213295042514801,0.003183126449584961,0.9172791838645935
0,12,0.40830740332603455,-0.10371773689985275,1.127728819847107,-0.044739771634340286,-0.6311352849006653,-0.3374785780906677,0.0033348798751831055,0.7763209939002991
0,13,0.41117456555366516,-0.10438484698534012,1.1292906999588013,-0.03582002595067024,-0.6261728405952454,-0.3537668287754059,0.0028122663497924805,0.65700364112854
0,14,0.4143964946269989,-0.1048058420419693,1.1315630674362183,-0.02688525803387165,-0.6216960549354553,-0.3699887692928314,0.002851128578186035,0.6416346430778503
0,15,0.4171813130378723,-0.10551626235246658,1.1331866979599,-0.018247637897729874,-0.6162605285644531,-0.3864726126194,0.00244903564453125,0.6434617638587952
0,16,0.4204603135585785,-0.10591201484203339,1.1353638172149658,-0.009532717987895012,-0.6112589240074158,-0.40282702445983887,0.0023882389068603516,0.714911162853241
0,17,0.42321088910102844,-0.10663343966007233,1.1370762586593628,-0.0012277647620067,-0.6053394675254822,-0.4195188879966736,0.0021196603775024414,0.7858407497406006
0,18,0.42650288343429565,-0.10702648013830185,1.1391528844833374,0.00717089232057333,-0.5997157692909241,-0.43605637550354004,0.00198519229888916,0.8767032623291016
0,19,0.42925798892974854,-0.10774677246809006,1.1409553289413452,0.015079813078045845,-0.5933035016059875,-0.4529806971549988,0.0018374919891357422,0.9626615643501282
0,20,0.4325369894504547,-0.10814127326011658,1.1429420709609985,0.023060712963342667,-0.5869921445846558,-0.4697456657886505,0.0016644001007080078,1.047918677330017
0,21,0.4353124797344208,-0.10886187851428986,1.144811987876892,0.030479159206151962,-0.580035388469696,-0.48694416880607605,0.001612544059753418,1.1257010698318481
0,22,0.43857043981552124,-0.10925406962633133,1.1467405557632446,0.037920426577329636,-0.5729725956916809,-0.5039888024330139,0.0014470815658569336,1.2010560035705566
0,23,0.44136977195739746,-0.10997618734836578,1.14863920211792,0.04472089558839798,-0.5653747916221619,-0.5215122103691101,0.0014579296112060547,1.2657864093780518
0,24,0.44460728764533997,-0.11036954820156097,1.1505500078201294,0.051460519433021545,-0.5575059652328491,-0.5389122366905212,0.0013470649719238281,1.3310447931289673
0,25,0.44742855429649353,-0.11108778417110443,1.1524380445480347,0.05747925117611885,-0.5491365194320679,-0.5568159818649292,0.0013922452926635742,1.3853626251220703
0,26,0.45065054297447205,-0.11148789525032043,1.154353380203247,0.06331013143062592,-0.5403953790664673,-0.5746709704399109,0.0013613700866699219,1.4404857158660889
0,27,0.45348548889160156,-0.11219437420368195,1.1562073230743408,0.06835056841373444,-0.5311325192451477,-0.5930176973342896,0.0014322996139526367,1.4897716045379639
0,28,0.4566994309425354,-0.11261085420846939,1.1581158638000488,0.07303731143474579,-0.5214767456054688,-0.6114364266395569,0.0014705657958984375,1.5334004163742065
0,29,0.45954224467277527,-0.1132940948009491,1.1599178314208984,0.07688890397548676,-0.5112557411193848,-0.6302923560142517,0.0015633106231689453,1.5825139284133911
0,30,0.46274155378341675,-0.11374413967132568,1.1617857217788696,0.08020314574241638,-0.5007060170173645,-0.6493739485740662,0.001642465591430664,1.6137394905090332
0,31,0.4656076729297638,-0.11437824368476868,1.1635093688964844,0.08268827199935913,-0.4895746111869812,-0.6687942147254944,0.001737356185913086,1.6657739877700806
0,32,0.468755304813385,-0.11489748954772949,1.165296196937561,0.08445516973733902,-0.47825226187705994,-0.688606858253479,0.0018315315246582031,1.6852792501449585
0,33,0.47169777750968933,-0.11543881893157959,1.1669142246246338,0.08547346293926239,-0.46639055013656616,-0.7086213231086731,0.0018956661224365234,1.7369740009307861
0,34,0.47472426295280457,-0.11607301980257034,1.1685795783996582,0.08561194688081741,-0.45450741052627563,-0.7291834354400635,0.0019873380661010742,1.7539043426513672
0,35,0.47781816124916077,-0.11648629605770111,1.170081615447998,0.08514045178890228,-0.44220253825187683,-0.7498019337654114,0.00199735164642334,1.7899099588394165
0,36,0.4806613624095917,-0.11724484711885452,1.1715883016586304,0.08367947489023209,-0.43000897765159607,-0.7710723876953125,0.0020720958709716797,1.8214491605758667
0,37,0.48393911123275757,-0.11756188422441483,1.172982931137085,0.0817379504442215,-0.4175967574119568,-0.7922995686531067,0.0020291805267333984,1.8178999423980713
0,38,0.48662641644477844,-0.11836489289999008,1.1743031740188599,0.07880696654319763,-0.40533506870269775,-0.8141835927963257,0.002064824104309082,1.874923586845398
0,39,0.4899900555610657,-0.11870516836643219,1.1756027936935425,0.07543418556451797,-0.3931305706501007,-0.836024820804596,0.0020024776458740234,1.8247767686843872
0,40,0.49269014596939087,-0.1194189190864563,1.176727533340454,0.07122083008289337,-0.38103187084198,-0.8583980202674866,0.0019606351852416992,1.884190559387207
0,41,0.4959356188774109,-0.11989723145961761,1.1779345273971558,0.06649883836507797,-0.3692808151245117,-0.8808314204216003,0.0019304752349853516,1.8185458183288574
0,42,0.49882620573043823,-0.12045622617006302,1.1788749694824219,0.06120840460062027,-0.35758039355278015,-0.903578519821167,0.001788020133972168,1.8304522037506104
0,43,0.5018540620803833,-0.12107881903648376,1.1799789667129517,0.05532946065068245,-0.3464638590812683,-0.9265241026878357,0.0018050670623779297,1.7780624628067017
0,44,0.504926860332489,-0.12152624875307083,1.1807618141174316,0.049200642853975296,-0.33541566133499146,-0.9495375156402588,0.0015964508056640625,1.7187387943267822
0,45,0.507805585861206,-0.12222861498594284,1.1817346811294556,0.0425022728741169,-0.32514816522598267,-0.9728500843048096,0.0016199350357055664,1.663540244102478
0,46,0.5109613537788391,-0.12262182682752609,1.182362675666809,0.03584246709942818,-0.3151339590549469,-0.9960187673568726,0.0013734102249145508,1.5293110609054565
0,47,0.5137676000595093,-0.1233440637588501,1.1831291913986206,0.028711432591080666,-0.3062494099140167,-1.0195304155349731,0.0013184547424316406,1.4249145984649658
0,48,0.5169299840927124,-0.12369118630886078,1.1835145950317383,0.021753551438450813,-0.2982158660888672,-1.0427837371826172,0.00096893310546875,1.1918971538543701
0,49,0.5197250843048096,-0.12435126304626465,1.1839630603790283,0.014263257384300232,-0.29219046235084534,-1.0664341449737549,0.0007307529449462891,0.9555205702781677
0,50,0.5227993726730347,-0.1246509701013565,1.1841133832931519,0.006744871847331524,-0.2881128191947937,-1.0898324251174927,0.0003031492233276367,0.5664823055267334
0,51,0.5260000228881836,-0.12551000714302063,1.184486746788025,-0.0014473299961537123,-0.28650280833244324,-1.113602638244629,0.0,0.0
0,52,0.5233954787254333,-0.12594632804393768,1.184518575668335,0.02238011732697487,-0.2835661768913269,-1.1521315574645996,0.00027549266815185547,0.5450046062469482
0,53,0.5207775235176086,-0.12651413679122925,1.1852290630340576,0.04561387374997139,-0.2820873558521271,-1.1906884908676147,0.001245260238647461,0.9400359988212585
0,54,0.518617570400238,-0.1272841989994049,1.1849032640457153,0.06988123059272766,-0.28146106004714966,-1.229127287864685,0.00109100341796875,1.044551968574524
0,55,0.5159496665000916,-0.1277138888835907,1.185288667678833,0.09378150850534439,-0.2807624638080597,-1.26741623878479,0.0018701553344726562,1.254762053489685
0,56,0.5137418508529663,-0.12843237817287445,1.1846171617507935,0.11881664395332336,-0.2792587876319885,-1.3054440021514893,0.001467585563659668,1.240962028503418
0,57,0.5110911130905151,-0.12884530425071716,1.1847343444824219,0.14350350201129913,-0.27647820115089417,-1.3432328701019287,0.002068758010864258,1.366446614265442
0,58,0.5088187456130981,-0.12951911985874176,1.1838759183883667,0.16890579462051392,-0.27215197682380676,-1.3807328939437866,0.0015811920166015625,1.3308976888656616
0,59,0.5062252283096313,-0.12998446822166443,1.1838139295578003,0.19377121329307556,-0.2662138044834137,-1.4179894924163818,0.002063155174255371,1.4048599004745483
0,60,0.5038594007492065,-0.130593940615654,1.182836651802063,0.21877366304397583,-0.2584974467754364,-1.4549603462219238,0.0015741586685180664,1.3950752019882202
0,61,0.5013585686683655,-0.13113799691200256,1.1826058626174927,0.24308468401432037,-0.24916556477546692,-1.4916929006576538,0.0019254684448242188,1.433677077293396
0,62,0.4988812208175659,-0.1316666156053543,1.1815344095230103,0.26698774099349976,-0.23797358572483063,-1.528123378753662,0.001473546028137207,1.4748536348342896
0,63,0.49647557735443115,-0.13228760659694672,1.1811411380767822,0.2900920808315277,-0.22525469958782196,-1.5643019676208496,0.0016927719116210938,1.5018079280853271
0,64,0.4939146041870117,-0.13275712728500366,1.1800014972686768,0.31232571601867676,-0.21068744361400604,-1.6001496315002441,0.0012935400009155273,1.593850016593933
0,65,0.4915604293346405,-0.13341188430786133,1.1794688701629639,0.3336467146873474,-0.19471286237239838,-1.6357187032699585,0.001422286033630371,1.6411559581756592
0,66,0.4889748692512512,-0.1338721215724945,1.1782925128936768,0.35376182198524475,-0.17702817916870117,-1.6709418296813965,0.0010758638381958008,1.7689034938812256
0,67,0.48661476373672485,-0.1345096081495285,1.177647352218628,0.3728124797344208,-0.15808628499507904,-1.7058569192886353,0.0011699199676513672,1.855829119682312
0,68,0.48406216502189636,-0.13500486314296722,1.1764591932296753,0.39045432209968567,-0.13771136105060577,-1.7404556274414062,0.0008662939071655273,1.999977707862854
0,69,0.4816519618034363,-0.13559068739414215,1.1757184267044067,0.4068504571914673,-0.11627523601055145,-1.7747336626052856,0.0009667873382568359,2.125227689743042
0,70,0.4791605472564697,-0.1361406147480011,1.1745294332504272,0.42174309492111206,-0.09380192309617996,-1.8087812662124634,0.0006958246231079102,2.2684848308563232
0,71,0.4766908288002014,-0.1366696059703827,1.173690676689148,0.4352153241634369,-0.07051611691713333,-1.8425294160842896,0.0008051395416259766,2.412407398223877
0,72,0.4742528796195984,-0.1372707188129425,1.172499179840088,0.44716599583625793,-0.04666716977953911,-1.8761818408966064,0.0005632638931274414,2.537673234939575
0,73,0.47173458337783813,-0.13775253295898438,1.1715424060821533,0.4575692415237427,-0.022291818633675575,-1.9095945358276367,0.0006538629531860352,2.674739122390747
0,74,0.46932995319366455,-0.13839304447174072,1.1703439950942993,0.4664976894855499,0.0021457842085510492,-1.9430694580078125,0.00044345855712890625,2.763075351715088
0,75,0.46678146719932556,-0.13884606957435608,1.1692416667938232,0.4738384187221527,0.026817474514245987,-1.9763914346694946,0.0004734992980957031,2.8681247234344482
0,76,0.46438175439834595,-0.13950291275978088,1.1680479049682617,0.4798238277435303,0.051089245826005936,-2.009922504425049,0.0003210306167602539,2.9040727615356445
0,77,0.46183496713638306,-0.13995599746704102,1.1667816638946533,0.4843018352985382,0.07533685863018036,-2.043391227722168,0.00024712085723876953,2.9555206298828125
0,78,0.45940840244293213,-0.1406017541885376,1.1656237840652466,0.4876238703727722,0.09882797300815582,-2.077174425125122,0.00020325183868408203,2.9295754432678223
0,79,0.4568937122821808,-0.14107780158519745,1.1642014980316162,0.4896377921104431,0.12211773544549942,-2.1109650135040283,7.867813110351562e-06,2.912553548812866
0,80,0.45442578196525574,-0.14169996976852417,1.1631089448928833,0.49075472354888916,0.14443594217300415,-2.145122766494751,0.00011026859283447266,2.8199446201324463
0,81,0.45195090770721436,-0.14220039546489716,1.161569356918335,0.4908222258090973,0.1664908081293106,-2.179316282272339,0.0001773834228515625,2.7289304733276367
0,82,0.44945141673088074,-0.14280888438224792,1.1605406999588013,0.49025848507881165,0.18750035762786865,-2.2138843536376953,5.9723854064941406e-05,2.5685694217681885
0,83,0.44700077176094055,-0.1433173567056656,1.1589417457580566,0.4888732433319092,0.20830559730529785,-2.2484607696533203,0.00025522708892822266,2.409078359603882
0,84,0.44449248909950256,-0.14393195509910583,1.1579314470291138,0.4870651066303253,0.22811293601989746,-2.2833895683288574,5.042552947998047e-05,2.188206434249878
0,85,0.4420416057109833,-0.14442862570285797,1.1563279628753662,0.4845567047595978,0.24787688255310059,-2.3182363510131836,0.00022304058074951172,1.9783321619033813
0,86,0.43955016136169434,-0.14506937563419342,1.1552653312683105,0.48172542452812195,0.2667829394340515,-2.353391170501709,5.6743621826171875e-05,1.7196494340896606
0,87,0.4370737373828888,-0.14553388953208923,1.153671383857727,0.47816401720046997,0.28586533665657043,-2.3883187770843506,0.0001455545425415039,1.4955402612686157
0,88,0.43462175130844116,-0.1462184190750122,1.1524907350540161,0.4742524027824402,0.3042928874492645,-2.423492431640625,2.0384788513183594e-05,1.2452123165130615
0,89,0.4321020245552063,-0.14663749933242798,1.1508667469024658,0.46942371129989624,0.32310470938682556,-2.458250045776367,0.0001405477523803711,1.0640404224395752
0,90,0.4297010004520416,-0.14736871421337128,1.1495184898376465,0.4641052782535553,0.3414900600910187,-2.4931747913360596,0.00015103816986083984,0.8998339176177979
0,91,0.42713385820388794,-0.14774471521377563,1.1477973461151123,0.4575778543949127,0.3603643774986267,-2.5274815559387207,0.00033915042877197266,0.8190053701400757
0,92,0.42477789521217346,-0.14850924909114838,1.1462520360946655,0.4503598213195801,0.37901273369789124,-2.5618577003479004,0.000554203987121582,0.7922884225845337
0,93,0.4221777617931366,-0.1488606333732605,1.1443822383880615,0.44165024161338806,0.3980931043624878,-2.5954480171203613,0.000838160514831543,0.7763209939002991
0,94,0.4198397099971771,-0.14962664246559143,1.1426427364349365,0.43207305669784546,0.4170629382133484,-2.629000663757324,0.0012357234954833984,0.8069709539413452
0,95,0.4172380268573761,-0.1499878615140915,1.1406363248825073,0.42085719108581543,0.4362224340438843,-2.661699056625366,0.001635432243347168,0.7715170979499817
0,96,0.4148801565170288,-0.1507175713777542,1.1387964487075806,0.4086805582046509,0.45517638325691223,-2.6942954063415527,0.0020940303802490234,0.792782187461853
0,97,0.41232094168663025,-0.1511208564043045,1.1368553638458252,0.39486458897590637,0.4737997055053711,-2.726140260696411,0.0024476051330566406,0.7620751857757568
0,98,0.40995511412620544,-0.1517932265996933,1.1353201866149902,0.3799491226673126,0.49154379963874817,-2.757977247238159,0.0025702714920043945,0.8103586435317993
0,99,0.4075317680835724,-0.15225060284137726,1.1340678930282593,0.3631885051727295,0.5075451135635376,-2.7894251346588135,0.002323150634765625,0.8127697110176086
0,100,0.4053489565849304,-0.15289968252182007,1.1334826946258545,0.3446483612060547,0.5205040574073792,-2.821239709854126,0.0016020536422729492,0.7687221169471741
0,101,0.4031278192996979,-0.1534266620874405,1.1329015493392944,0.3233245611190796,0.5287488102912903,-2.853193759918213,0.0008240938186645508,0.5020211338996887
0,102,0.4000000059604645,-0.15394499897956848,1.131764531135559,0.2995598614215851,0.5318934321403503,-2.885732412338257,0.0,0.0
0,103,0.39712679386138916,-0.15464946627616882,1.1284515857696533,0.318327933549881,0.537988007068634,-2.861323356628418,0.0015556812286376953,0.8235323429107666
0,104,0.39361807703971863,-0.1550040990114212,1.1257816553115845,0.3338516056537628,0.5373433828353882,-2.837207794189453,0.0019822120666503906,1.2719552516937256
0,105,0.39087146520614624,-0.15574519336223602,1.1244953870773315,0.34746989607810974,0.5299199223518372,-2.814218759536743,0.0016061067581176758,1.4144386053085327
0,106,0.38781753182411194,-0.1560596227645874,1.123908519744873,0.35880744457244873,0.519022524356842,-2.7910168170928955,0.00025153160095214844,1.37087881565094
0,107,0.3850337862968445,-0.15687838196754456,1.123207449913025,0.36979636549949646,0.5058867335319519,-2.7683637142181396,0.0007079839706420898,1.330309510231018
0,108,0.38178062438964844,-0.1571531742811203,1.1225379705429077,0.3794730007648468,0.4925079941749573,-2.7450292110443115,0.0020983219146728516,1.2555415630340576
0,109,0.3790225088596344,-0.15803742408752441,1.1215779781341553,0.3892119824886322,0.47847703099250793,-2.721972703933716,0.002750873565673828,1.27625572681427
0,110,0.3756777048110962,-0.15824595093727112,1.120850682258606,0.3977230489253998,0.46500083804130554,-2.6980793476104736,0.004124999046325684,1.2281229496002197
0,111,0.37299585342407227,-0.15916886925697327,1.1198451519012451,0.4061763286590576,0.4510297179222107,-2.6743898391723633,0.004649758338928223,1.2691829204559326
0,112,0.36961862444877625,-0.1593700796365738,1.1190922260284424,0.41340216994285583,0.437712162733078,-2.649883508682251,0.005980372428894043,1.21595299243927
0,113,0.3669437766075134,-0.16025550663471222,1.1180907487869263,0.4203698933124542,0.42388615012168884,-2.6255340576171875,0.006478428840637207,1.229237675666809
0,114,0.36360958218574524,-0.16052809357643127,1.117196798324585,0.42624005675315857,0.41064929962158203,-2.6004750728607178,0.007579684257507324,1.1872912645339966
0,115,0.36084941029548645,-0.1613156646490097,1.1162234544754028,0.4316743314266205,0.3970010578632355,-2.575516700744629,0.00813448429107666,1.1856420040130615
0,116,0.35763511061668396,-0.16170182824134827,1.1151000261306763,0.43622466921806335,0.3838173449039459,-2.5499911308288574,0.0088576078414917,1.2073935270309448
0,117,0.35473963618278503,-0.16236455738544464,1.1141700744628906,0.4402136206626892,0.3703562021255493,-2.524509906768799,0.00950777530670166,1.26300048828125
0,118,0.35166195034980774,-0.16287879645824432,1.1127960681915283,0.44356322288513184,0.3571895658969879,-2.4986190795898438,0.009816288948059082,1.3950752019882202
0,119,0.3486391603946686,-0.16341160237789154,1.111880898475647,0.44627827405929565,0.34386587142944336,-2.472724199295044,0.010516166687011719,1.5738338232040405
0,120,0.3456679582595825,-0.16404253244400024,1.1103342771530151,0.44858497381210327,0.33064842224121094,-2.446587324142456,0.010505437850952148,1.806885838508606
0,121,0.342570424079895,-0.16449084877967834,1.1093709468841553,0.45023512840270996,0.3173288106918335,-2.420393228530884,0.01114201545715332,2.102078676223755
0,122,0.3396317660808563,-0.16515901684761047,1.107785940170288,0.4516390860080719,0.3039463460445404,-2.394123077392578,0.010997176170349121,2.405500888824463
0,123,0.33653905987739563,-0.1656155288219452,1.1066985130310059,0.45240962505340576,0.2904359996318817,-2.3677451610565186,0.011426568031311035,2.7685248851776123
0,124,0.33356642723083496,-0.16624759137630463,1.1051814556121826,0.4530011713504791,0.27672043442726135,-2.3414413928985596,0.011294841766357422,3.1243059635162354
0,125,0.33051353693008423,-0.16674712300300598,1.103961706161499,0.45296624302864075,0.2627699375152588,-2.3149993419647217,0.011479377746582031,3.5137405395507812
0,126,0.3275021016597748,-0.1673484742641449,1.102540135383606,0.45274484157562256,0.2484898418188095,-2.2887353897094727,0.011380910873413086,3.900082588195801
0,127,0.32446566224098206,-0.1678605079650879,1.1012470722198486,0.4517996609210968,0.2338068038225174,-2.262359380722046,0.011391162872314453,4.293407440185547
0,128,0.3214448094367981,-0.16846893727779388,1.099878191947937,0.4506065249443054,0.21865631639957428,-2.2361838817596436,0.011255502700805664,4.679520606994629
0,129,0.31839314103126526,-0.16896405816078186,1.0985907316207886,0.44843560457229614,0.20289801061153412,-2.210014581680298,0.01118326187133789,5.056522369384766
0,130,0.3153741955757141,-0.16959185898303986,1.0972199440002441,0.4458605945110321,0.18651250004768372,-2.183958053588867,0.010942697525024414,5.410372734069824
0,131,0.31231263279914856,-0.170080304145813,1.0960057973861694,0.44196102023124695,0.16932806372642517,-2.1581225395202637,0.010845184326171875,5.736955165863037
0,132,0.3092677891254425,-0.17069567739963531,1.094632863998413,0.4373175799846649,0.15135589241981506,-2.132211208343506,0.010509014129638672,6.03110933303833
0,133,0.30624690651893616,-0.17122893035411835,1.0935248136520386,0.4310908317565918,0.13253438472747803,-2.1067700386047363,0.010387182235717773,6.260528087615967
0,134,0.30313315987586975,-0.17177335917949677,1.0922385454177856,0.4235900640487671,0.11280062794685364,-2.0810184478759766,0.010060310363769531,6.475566864013672
0,135,0.30020418763160706,-0.17240163683891296,1.0912344455718994,0.41446077823638916,0.0924864262342453,-2.0558998584747314,0.009886860847473145,6.57324743270874
0,136,0.29702192544937134,-0.17286096513271332,1.0901470184326172,0.40350160002708435,0.07120683789253235,-2.03027081489563,0.009673714637756348,6.694773197174072
0,137,0.29415810108184814,-0.1735425442457199,1.089210033416748,0.39099541306495667,0.04999830573797226,-2.005239486694336,0.009429216384887695,6.672178745269775
0,138,0.29099240899086,-0.17403258383274078,1.088363766670227,0.3762914836406708,0.027901506051421165,-1.9796053171157837,0.009324431419372559,6.681254863739014
0,139,0.2880682945251465,-0.17458288371562958,1.0874327421188354,0.3600232005119324,0.00674058822914958,-1.9543066024780273,0.00900578498840332,6.596833229064941
0,140,0.2850438356399536,-0.17532533407211304,1.0867829322814941,0.34146982431411743,-0.014967966824769974,-1.9284495115280151,0.008905410766601562,6.474052906036377
0,141,0.281936913728714,-0.17555223405361176,1.0858330726623535,0.32115742564201355,-0.03498854860663414,-1.902539849281311,0.00852978229522705,6.379256248474121
0,142,0.27911755442619324,-0.17659905552864075,1.0853029489517212,0.29867100715637207,-0.054786067456007004,-1.8761985301971436,0.008348941802978516,6.122053623199463
0,143,0.2758064568042755,-0.1766578108072281,1.0843780040740967,0.27424168586730957,-0.07258500903844833,-1.8494975566864014,0.007922768592834473,6.019852638244629
0,144,0.27313414216041565,-0.17766505479812622,1.0838940143585205,0.2477901577949524,-0.0889512300491333,-1.8224835395812988,0.007657766342163086,5.641112804412842
0,145,0.26974883675575256,-0.17791642248630524,1.0831053256988525,0.21939173340797424,-0.10347144305706024,-1.795020341873169,0.007210493087768555,5.47743558883667
0,146,0.26703909039497375,-0.17864996194839478,1.0826529264450073,0.18912449479103088,-0.1152750700712204,-1.7673522233963013,0.006903886795043945,5.01141357421875
0,147,0.26375195384025574,-0.17918269336223602,1.082084059715271,0.15698787569999695,-0.1254364401102066,-1.7393121719360352,0.006488680839538574,4.703445911407471
0,148,0.26086583733558655,-0.17967866361141205,1.0817333459854126,0.12313800305128098,-0.13187368214130402,-1.711212396621704,0.006206154823303223,4.158594131469727
0,149,0.2577308714389801,-0.1804012656211853,1.0815032720565796,0.08742088079452515,-0.13645894825458527,-1.6828877925872803,0.0059604644775390625,3.640186309814453
0,150,0.2546645998954773,-0.18083405494689941,1.0813190937042236,0.050108231604099274,-0.13648509979248047,-1.6546962261199951,0.005727291107177734,2.960880756378174
0,151,0.2515830993652344,-0.18168967962265015,1.0810024738311768,0.010919938795268536,-0.13400942087173462,-1.62644362449646,0.0052433013916015625,2.198913335800171
0,152,0.24849364161491394,-0.18211349844932556,1.0794955492019653,-0.029588880017399788,-0.1264994740486145,-1.598533034324646,0.0035532712936401367,1.2637749910354614
0,153,0.2460000067949295,-0.18237999081611633,1.076130747795105,-0.07133045047521591,-0.11683894693851471,-1.5707038640975952,0.0,0.0
0,154,0.24821880459785461,-0.18320459127426147,1.0794262886047363,-0.03937654569745064,-0.12604549527168274,-1.5353883504867554,0.0033417940139770508,1.3987175226211548
0,155,0.2521175742149353,-0.18339258432388306,1.080690860748291,-0.00861125998198986,-0.13373281061649323,-1.5013766288757324,0.004748702049255371,1.9994884729385376
0,156,0.2541443109512329,-0.18437528610229492,1.0812599658966064,0.02106320671737194,-0.14045380055904388,-1.4662258625030518,0.005248904228210449,3.1899116039276123
0,157,0.2582789957523346,-0.18418842554092407,1.0815167427062988,0.04896065592765808,-0.14676924049854279,-1.4327290058135986,0.00552058219909668,3.3829243183135986
0,158,0.2603507936000824,-0.18535885214805603,1.0821020603179932,0.07552183419466019,-0.15358217060565948,-1.3982906341552734,0.005927562713623047,4.353701591491699
0,159,0.26430565118789673,-0.18541809916496277,1.0827597379684448,0.10040132701396942,-0.16105599701404572,-1.3653175830841064,0.0063991546630859375,4.446687698364258
0,160,0.26655954122543335,-0.18633724749088287,1.0836397409439087,0.1239805817604065,-0.16946886479854584,-1.3317102193832397,0.007028341293334961,5.181188106536865
0,161,0.27024775743484497,-0.1866658627986908,1.0846095085144043,0.1460445523262024,-0.17887230217456818,-1.299291729927063,0.00763547420501709,5.270054340362549
0,162,0.272757351398468,-0.1873682141304016,1.085606336593628,0.16691379249095917,-0.18904875218868256,-1.2665663957595825,0.008281111717224121,5.783503532409668
0,163,0.2761743366718292,-0.18786536157131195,1.086808443069458,0.18630704283714294,-0.2002391815185547,-1.2347573041915894,0.008981823921203613,5.891755104064941
0,164,0.27891337871551514,-0.18842573463916779,1.0878256559371948,0.20463290810585022,-0.21192437410354614,-1.2029272317886353,0.009522199630737305,6.223779678344727
0,165,0.28212013840675354,-0.18903659284114838,1.0892305374145508,0.2213398814201355,-0.22459228336811066,-1.1718395948410034,0.010308027267456055,6.336606025695801
0,166,0.28503450751304626,-0.18948839604854584,1.0901918411254883,0.23711572587490082,-0.23749755322933197,-1.1409028768539429,0.010655999183654785,6.52606201171875
0,167,0.288080632686615,-0.1902039796113968,1.0917679071426392,0.25100231170654297,-0.25135448575019836,-1.1106892824172974,0.01150667667388916,6.626819133758545
0,168,0.29114294052124023,-0.19055123627185822,1.0926158428192139,0.26406610012054443,-0.26518556475639343,-1.0806622505187988,0.011597990989685059,6.692575454711914
0,169,0.29404938220977783,-0.19137369096279144,1.0943315029144287,0.2749619483947754,-0.27992039918899536,-1.051465392112732,0.012493014335632324,6.77056884765625
0,170,0.297252357006073,-0.19162139296531677,1.0950511693954468,0.2850678861141205,-0.2943229675292969,-1.0223801136016846,0.01230466365814209,6.7164740562438965
0,171,0.3000350594520569,-0.19253993034362793,1.0968868732452393,0.2928502559661865,-0.309535413980484,-0.9942759871482849,0.013235926628112793,6.759407043457031
0,172,0.3033674955368042,-0.19270803034305573,1.0975075960159302,0.2997986972332001,-0.3240821957588196,-0.9661540985107422,0.012790799140930176,6.5882368087768555
0,173,0.30604565143585205,-0.1936980038881302,1.099448323249817,0.30446887016296387,-0.3393099009990692,-0.9391198754310608,0.013752460479736328,6.584693431854248
0,174,0.30948665738105774,-0.19380946457386017,1.1000136137008667,0.3082611560821533,-0.3535754680633545,-0.911935031414032,0.01309347152709961,6.308074951171875
0,175,0.3120804727077484,-0.19484607875347137,1.1020350456237793,0.3100111484527588,-0.36840298771858215,-0.8858588337898254,0.014067888259887695,6.2550764083862305
0,176,0.31559503078460693,-0.19492313265800476,1.1025662422180176,0.31092241406440735,-0.38208600878715515,-0.8595240712165833,0.01322484016418457,5.900664329528809
0,177,0.31813526153564453,-0.1959802359342575,1.1046432256698608,0.3101350665092468,-0.39625075459480286,-0.8342369198799133,0.014186978340148926,5.804275035858154
0,178,0.3216751217842102,-0.19604851305484772,1.1051355600357056,0.3086423873901367,-0.4092404246330261,-0.8086279034614563,0.01317441463470459,5.412871360778809
0,179,0.32420527935028076,-0.19709381461143494,1.107254147529602,0.305792897939682,-0.4226389527320862,-0.7839503884315491,0.014101982116699219,5.284016132354736
0,180,0.3277204930782318,-0.1971912682056427,1.1076949834823608,0.30241623520851135,-0.43497374653816223,-0.7589440941810608,0.012932300567626953,4.897769927978516
0,181,0.33029016852378845,-0.19818171858787537,1.1098535060882568,0.2979457378387451,-0.4475931227207184,-0.7347217202186584,0.013808727264404297,4.7477593421936035
0,182,0.33372965455055237,-0.1983562558889389,1.1102412939071655,0.2931246757507324,-0.4593786597251892,-0.7102201581001282,0.012510895729064941,4.402242183685303
0,183,0.3363989293575287,-0.19924165308475494,1.112425446510315,0.2873748540878296,-0.4712340533733368,-0.6863352060317993,0.013297796249389648,4.237574577331543
0,184,0.33969810605049133,-0.19954437017440796,1.1127903461456299,0.28142914175987244,-0.4825737178325653,-0.6622663736343384,0.011944293975830078,3.961656332015991
0,185,0.3425416946411133,-0.20027993619441986,1.1149431467056274,0.27464327216148376,-0.4936785399913788,-0.6386375427246094,0.012547612190246582,3.783203125
0,186,0.34562987089157104,-0.2007445991039276,1.1153579950332642,0.2677871882915497,-0.504630982875824,-0.6149465441703796,0.011263251304626465,3.5965170860290527
0,187,0.34870317578315735,-0.20131497085094452,1.1173747777938843,0.26014769077301025,-0.5150232315063477,-0.5915253758430481,0.011545181274414062,3.409959554672241
0,188,0.351560115814209,-0.20193448662757874,1.117949366569519,0.2525211274623871,-0.5255966782569885,-0.5681630969047546,0.010470390319824219,3.3139889240264893
0,189,0.35483673214912415,-0.2023719698190689,1.1197090148925781,0.24418817460536957,-0.5353802442550659,-0.5449275970458984,0.010318636894226074,3.141303300857544
0,190,0.35754308104515076,-0.20309115946292877,1.1205536127090454,0.23588356375694275,-0.5455317497253418,-0.521845817565918,0.009537935256958008,3.1175315380096436
0,191,0.3609105050563812,-0.20346693694591522,1.1219722032546997,0.2270040512084961,-0.5549008250236511,-0.49879515171051025,0.008930444717407227,2.9940826892852783
0,192,0.36359068751335144,-0.20420973002910614,1.1231400966644287,0.21810561418533325,-0.5646560192108154,-0.4759521782398224,0.008439302444458008,3.0247855186462402
0,193,0.3669358491897583,-0.20459221303462982,1.12419855594635,0.20880411565303802,-0.5737981796264648,-0.4531036913394928,0.007427811622619629,2.9784810543060303
0,194,0.36968326568603516,-0.20530465245246887,1.1256109476089478,0.19941048324108124,-0.5832383632659912,-0.43047088384628296,0.007100224494934082,3.058126449584961
0,195,0.3729468882083893,-0.20573145151138306,1.1262789964675903,0.18973150849342346,-0.5922048091888428,-0.407848060131073,0.0056993961334228516,3.0968029499053955
0,196,0.3757132887840271,-0.20639219880104065,1.1277358531951904,0.1798105388879776,-0.6009442210197449,-0.38539987802505493,0.005372405052185059,3.20839262008667
0,197,0.3788580000400543,-0.20687220990657806,1.128267765045166,0.169432133436203,-0.6083893179893494,-0.3629991412162781,0.003871917724609375,3.251668691635132
0,198,0.3817233741283417,-0.2074890434741974,1.1303492784500122,0.15843428671360016,-0.6138677000999451,-0.34067684412002563,0.004080772399902344,3.2414777278900146
0,199,0.38505250215530396,-0.208023801445961,1.1317059993743896,0.1466299444437027,-0.6161463856697083,-0.31839418411254883,0.003255605697631836,3.0599825382232666
0,200,0.3879321217536926,-0.20859718322753906,1.1343145370483398,0.13439521193504333,-0.6156540513038635,-0.29595211148262024,0.003962993621826172,2.7835443019866943
0,201,0.39104825258255005,-0.20919647812843323,1.1361738443374634,0.12198904156684875,-0.6122785210609436,-0.27331268787384033,0.003758072853088379,2.374380350112915
0,202,0.3942025899887085,-0.20978011190891266,1.1389789581298828,0.1099504604935646,-0.6059045791625977,-0.25006625056266785,0.004468679428100586,1.833016276359558
0,203,0.39745479822158813,-0.2104174643754959,1.1397390365600586,0.09811222553253174,-0.5946353673934937,-0.22626042366027832,0.0030646324157714844,1.0514605045318604
0,204,0.40000003576278687,-0.21081499755382538,1.1383658647537231,0.08657153695821762,-0.5781076550483704,-0.20170967280864716,0.0,0.0
0,205,0.4031713008880615,-0.21168044209480286,1.1437225341796875,0.09925681352615356,-0.5835679173469543,-0.2265315055847168,0.0032399892807006836,0.49416419863700867
0,206,0.40678897500038147,-0.21172656118869781,1.1462947130203247,0.1126914843916893,-0.5847072005271912,-0.25063836574554443,0.0034269094467163086,0.7246975898742676
0,207,0.40875568985939026,-0.21278619766235352,1.1476171016693115,0.12525862455368042,-0.5799843668937683,-0.2744297385215759,0.003429889678955078,0.7316842079162598
0,208,0.4124636650085449,-0.21281521022319794,1.1488701105117798,0.1387120485305786,-0.5736297369003296,-0.2977476418018341,0.0022515058517456055,0.6186559200286865
0,209,0.4148123860359192,-0.21376995742321014,1.1503901481628418,0.1513902097940445,-0.564525842666626,-0.3209764361381531,0.0022181272506713867,0.4861803650856018
0,210,0.41834527254104614,-0.2140488177537918,1.152125358581543,0.16444803774356842,-0.5555078983306885,-0.34423598647117615,0.001654505729675293,0.3483045697212219
0,211,0.42101097106933594,-0.21473892033100128,1.1539416313171387,0.17692922055721283,-0.5449815392494202,-0.3673587143421173,0.001739501953125,0.292752206325531
0,212,0.42423808574676514,-0.21531476080417633,1.1558088064193726,0.18923568725585938,-0.5346829295158386,-0.39087924361228943,0.0015323162078857422,0.30646705627441406
0,213,0.42721593379974365,-0.21571458876132965,1.157633900642395,0.2012978345155716,-0.5232725739479065,-0.4140284061431885,0.0014632940292358398,0.36315611004829407
0,214,0.4301489293575287,-0.21655434370040894,1.1595196723937988,0.21267764270305634,-0.5118381381034851,-0.43786922097206116,0.001497030258178711,0.47146889567375183
0,215,0.43338194489479065,-0.21673047542572021,1.161323070526123,0.2241198718547821,-0.4994552433490753,-0.4610852003097534,0.0012917518615722656,0.5241405367851257
0,216,0.43610456585884094,-0.21774518489837646,1.1632481813430786,0.23445335030555725,-0.4868156611919403,-0.48523950576782227,0.0015386343002319336,0.6410244107246399
0,217,0.43949952721595764,-0.217790424823761,1.1650439500808716,0.24502570927143097,-0.4732898771762848,-0.5085731744766235,0.0012812614440917969,0.6772422194480896
0,218,0.4421072006225586,-0.2188902348279953,1.1670266389846802,0.2541629672050476,-0.4593892991542816,-0.5330349802970886,0.0017049312591552734,0.7853426337242126
0,219,0.4455792307853699,-0.2188872992992401,1.168818712234497,0.26356351375579834,-0.44457679986953735,-0.556562602519989,0.001462697982788086,0.8144532442092896
0,220,0.4481458365917206,-0.22000570595264435,1.170858383178711,0.27129387855529785,-0.42937716841697693,-0.5813444256782532,0.0020231008529663086,0.9132169485092163
0,221,0.45163679122924805,-0.2200046330690384,1.1726350784301758,0.27918827533721924,-0.4132140278816223,-0.6051580309867859,0.0018287897109985352,0.9429457783699036
0,222,0.4541986882686615,-0.221104234457016,1.174714207649231,0.2852497696876526,-0.39674562215805054,-0.6303016543388367,0.0024930238723754883,1.0358988046646118
0,223,0.45768338441848755,-0.22112946212291718,1.176444411277771,0.2913040518760681,-0.37929296493530273,-0.6544976234436035,0.0023386478424072266,1.0647757053375244
0,224,0.46025484800338745,-0.2221950888633728,1.1785334348678589,0.29542577266693115,-0.3616863191127777,-0.6800733804702759,0.0030754804611206055,1.155213475227356
0,225,0.46371909976005554,-0.2222597450017929,1.180165410041809,0.2993352711200714,-0.3431684672832489,-0.7047499418258667,0.002924680709838867,1.1756975650787354
0,226,0.4663129448890686,-0.22327399253845215,1.1822333335876465,0.3012946844100952,-0.3246667683124542,-0.7308353185653687,0.003702521324157715,1.2653224468231201
0,227,0.46973833441734314,-0.22340503334999084,1.1837033033370972,0.3028090000152588,-0.3054681122303009,-0.7560922503471375,0.0035077333450317383,1.2673313617706299
0,228,0.4723808765411377,-0.22433125972747803,1.1857270002365112,0.30247360467910767,-0.2863940894603729,-0.782739520072937,0.004297137260437012,1.3533517122268677
0,229,0.4757344126701355,-0.22457773983478546,1.1869723796844482,0.30141133069992065,-0.2669965624809265,-0.8086754083633423,0.0040166378021240234,1.3320735692977905
0,230,0.4784713089466095,-0.2253565937280655,1.1889346837997437,0.2987474799156189,-0.2477104663848877,-0.8358859419822693,0.004787087440490723,1.406252145767212
0,231,0.4816960394382477,-0.2257879674434662,1.1899125576019287,0.2950105369091034,-0.22859284281730652,-0.8625833988189697,0.0044062137603759766,1.3738733530044556
0,232,0.4846021234989166,-0.2263498455286026,1.1917880773544312,0.2900629937648773,-0.20945964753627777,-0.8903055787086487,0.005110979080200195,1.4129159450531006
0,233,0.48761752247810364,-0.22702357172966003,1.1924904584884644,0.28365853428840637,-0.1910107284784317,-0.917804479598999,0.004652976989746094,1.408754825592041
0,234,0.490760862827301,-0.22734177112579346,1.1942328214645386,0.27651098370552063,-0.1723679006099701,-0.9459574222564697,0.005235075950622559,1.3771454095840454
0,235,0.49353545904159546,-0.22824318706989288,1.194696068763733,0.2675674557685852,-0.15485160052776337,-0.9742341637611389,0.004739284515380859,1.444149136543274
0,236,0.49689871072769165,-0.2283722460269928,1.196235179901123,0.25831496715545654,-0.13697592914104462,-1.0027378797531128,0.005155801773071289,1.3245601654052734
0,237,0.4994909465312958,-0.2294214814901352,1.1965336799621582,0.24706251919269562,-0.12054220587015152,-1.0317039489746094,0.004664421081542969,1.473393440246582
0,238,0.5029925107955933,-0.2294462025165558,1.1977909803390503,0.2358129769563675,-0.10363253951072693,-1.060497522354126,0.004883408546447754,1.278247356414795
0,239,0.505485475063324,-0.23056618869304657,1.1980137825012207,0.22252938151359558,-0.08835355937480927,-1.0900237560272217,0.004450440406799316,1.488326072692871
0,240,0.5090530514717102,-0.23054608702659607,1.1989257335662842,0.2094143182039261,-0.0725431814789772,-1.119063138961792,0.004443645477294922,1.2390683889389038
0,241,0.5115025639533997,-0.23169519007205963,1.1991561651229858,0.19437716901302338,-0.058453090488910675,-1.1490123271942139,0.004133462905883789,1.4784318208694458
0,242,0.5150941610336304,-0.2316543608903885,1.199686884880066,0.17954270541667938,-0.04385368525981903,-1.17826509475708,0.0038837194442749023,1.1891028881072998
0,243,0.5175384283065796,-0.2328089028596878,1.1999919414520264,0.16300535202026367,-0.030985340476036072,-1.2085254192352295,0.0037540197372436523,1.4228531122207642
0,244,0.5211067795753479,-0.23278388381004333,1.2001346349716187,0.14659614861011505,-0.017740635201334953,-1.2379732131958008,0.0032695531845092773,1.112235426902771
0,245,0.5236098766326904,-0.23388691246509552,1.200562596321106,0.12878775596618652,-0.006152810528874397,-1.2684682607650757,0.003358006477355957,1.2966389656066895
0,246,0.5270645618438721,-0.23395653069019318,1.200339436531067,0.11093442887067795,0.005507069639861584,-1.298049807548523,0.0026772022247314453,1.0056097507476807
0,247,0.5297477841377258,-0.2348976582288742,1.2009124755859375,0.092070572078228,0.01569879800081253,-1.3287333250045776,0.0029937028884887695,1.077744960784912
0,248,0.5329389572143555,-0.23520836234092712,1.2003817558288574,0.07291523367166519,0.025445684790611267,-1.3584034442901611,0.0021882057189941406,0.8820437788963318
0,249,0.5359688997268677,-0.23580928146839142,1.2010923624038696,0.05319642275571823,0.03401803597807884,-1.3892838954925537,0.0027207136154174805,0.7648943662643433
0,250,0.5387314558029175,-0.23654189705848694,1.2003540992736816,0.03294862434267998,0.04144774749875069,-1.418914556503296,0.0018880367279052734,0.7532944679260254
0,251,0.5422300100326538,-0.23665322363376617,1.201183557510376,0.012573324143886566,0.0480382926762104,-1.4499545097351074,0.0026350021362304688,0.3966354727745056
0,252,0.5445271730422974,-0.23785802721977234,1.2003096342086792,-0.008448531851172447,0.05276530236005783,-1.4795150756835938,0.001816868782043457,0.6010082960128784
0,253,0.5484075546264648,-0.23759566247463226,1.200965166091919,-0.02923801727592945,0.05697052180767059,-1.5107247829437256,0.00252687931060791,0.05934702232480049
0,254,0.55069899559021,-0.23882201313972473,1.199302077293396,-0.05062199383974075,0.05900134891271591,-1.5401272773742676,0.0010262727737426758,0.27268099784851074
0,255,0.5540000200271606,-0.23924998939037323,1.1980515718460083,-0.07167818397283554,0.060859061777591705,-1.570845127105713,0.0,0.0
0,256,0.5507482886314392,-0.23956118524074554,1.199694037437439,-0.05389652028679848,0.06444574147462845,-1.6034952402114868,0.0014655590057373047,0.31153300404548645
0,257,0.5484390258789062,-0.2408612072467804,1.1996186971664429,-0.03505999594926834,0.06645980477333069,-1.6350041627883911,0.0013802051544189453,0.1678587794303894
0,258,0.54449462890625,-0.24048495292663574,1.1999180316925049,-0.01766117475926876,0.07085362821817398,-1.668030023574829,0.0015846490859985352,0.5911603569984436
0,259,0.5423872470855713,-0.24203531444072723,1.1989818811416626,0.0009825249435380101,0.07389388978481293,-1.6995576620101929,0.0007610321044921875,0.2157999724149704
0,260,0.5385400652885437,-0.24169671535491943,1.1988226175308228,0.01803605817258358,0.07981391996145248,-1.7323625087738037,0.0006759166717529297,0.6446770429611206
0,261,0.5363130569458008,-0.24307599663734436,1.1977020502090454,0.03598674014210701,0.085001140832901,-1.7638733386993408,0.00024187564849853516,0.29074013233184814
0,262,0.5325670838356018,-0.24285989999771118,1.1972357034683228,0.05223269760608673,0.09311798959970474,-1.7963478565216064,0.0004668235778808594,0.695769190788269
0,263,0.5302144289016724,-0.24411481618881226,1.195974349975586,0.06904198974370956,0.10080628842115402,-1.827698826789856,0.0014224052429199219,0.4059005379676819
0,264,0.5266057252883911,-0.2440423220396042,1.1951570510864258,0.08417913317680359,0.11111719906330109,-1.8597147464752197,0.0018423795700073242,0.745985746383667
0,265,0.524095892906189,-0.2451317310333252,1.1937875747680664,0.09952271729707718,0.12118832767009735,-1.89077889919281,0.002792835235595703,0.5388665199279785
0,266,0.5206613540649414,-0.24524137377738953,1.1926438808441162,0.11339966207742691,0.13338646292686462,-1.922343134880066,0.003398418426513672,0.7773285508155823
0,267,0.517941951751709,-0.24612540006637573,1.1912246942520142,0.12713001668453217,0.14553576707839966,-1.9529783725738525,0.0042684078216552734,0.6608641147613525
0,268,0.5147449970245361,-0.24646931886672974,1.1898319721221924,0.13974472880363464,0.15916335582733154,-1.9841035604476929,0.005005955696105957,0.7571808695793152
0,269,0.5117617845535278,-0.24708780646324158,1.1884217262268066,0.15183302760124207,0.17300540208816528,-2.0142736434936523,0.005716085433959961,0.7356846928596497
0,270,0.5088543891906738,-0.2477222979068756,1.1868796348571777,0.163253515958786,0.18758884072303772,-2.0450189113616943,0.006514191627502441,0.6599752902984619
0,271,0.5055787563323975,-0.24804091453552246,1.1855322122573853,0.1737315058708191,0.20269151031970978,-2.0747363567352295,0.006989479064941406,0.7273926734924316
0,272,0.502967894077301,-0.24896956980228424,1.1839280128479004,0.18398450314998627,0.21779310703277588,-2.1051361560821533,0.007786989212036133,0.48858922719955444
0,273,0.4994308650493622,-0.24902628362178802,1.1826860904693604,0.19287168979644775,0.233676940202713,-2.1344611644744873,0.007973194122314453,0.6205507516860962
0,274,0.4970499277114868,-0.2501707077026367,1.1810731887817383,0.20185212790966034,0.24891558289527893,-2.164515733718872,0.008727550506591797,0.338619589805603
0,275,0.49334704875946045,-0.2500775158405304,1.1799525022506714,0.2091025412082672,0.2650597095489502,-2.193516731262207,0.008616924285888672,0.4933716356754303
0,276,0.4910702109336853,-0.2513066232204437,1.1783466339111328,0.2165512591600418,0.2801112234592438,-2.2231836318969727,0.009299874305725098,0.4929749071598053
0,277,0.48732659220695496,-0.25120237469673157,1.1773325204849243,0.22203682363033295,0.2960019111633301,-2.25190806388855,0.008933782577514648,0.614211916923523
0,278,0.4850092828273773,-0.2523813843727112,1.1757272481918335,0.22759953141212463,0.31060224771499634,-2.2811107635498047,0.009519457817077637,0.8919709920883179
0,279,0.48135918378829956,-0.2523910701274872,1.1747890710830688,0.23116150498390198,0.32582348585128784,-2.3095686435699463,0.008973360061645508,1.0292659997940063
0,280,0.47886162996292114,-0.2534053325653076,1.1731829643249512,0.23450320959091187,0.33981016278266907,-2.3382186889648438,0.009416937828063965,1.3685930967330933
0,281,0.4754275381565094,-0.25362491607666016,1.1722952127456665,0.23603759706020355,0.3541465699672699,-2.3663828372955322,0.008771657943725586,1.5564541816711426
0,282,0.4726603925228119,-0.2544023394584656,1.1707061529159546,0.23696240782737732,0.367504745721817,-2.3944034576416016,0.009015679359436035,1.861304521560669
0,283,0.46950241923332214,-0.2548704445362091,1.1698487997055054,0.23647090792655945,0.3809944987297058,-2.4222161769866943,0.008334040641784668,2.090689182281494
0,284,0.4664604663848877,-0.2554026246070862,1.168305516242981,0.23496928811073303,0.39385661482810974,-2.449553966522217,0.008338451385498047,2.326246500015259
0,285,0.4635598361492157,-0.2561008036136627,1.1674529314041138,0.2325255274772644,0.40673649311065674,-2.476933002471924,0.007660269737243652,2.567502021789551
0,286,0.46029677987098694,-0.2564232647418976,1.1659821271896362,0.2287202626466751,0.41930022835731506,-2.5035502910614014,0.007413983345031738,2.7193737030029297
0,287,0.4575880765914917,-0.25730159878730774,1.1651053428649902,0.22439926862716675,0.43185704946517944,-2.5303945541381836,0.006759047508239746,2.9390485286712646
0,288,0.45418423414230347,-0.25747716426849365,1.1637275218963623,0.21846435964107513,0.44427672028541565,-2.556262969970703,0.006274700164794922,3.0015268325805664
0,289,0.45157602429389954,-0.2584576904773712,1.1628109216690063,0.21230754256248474,0.4566967189311981,-2.5824666023254395,0.0056324005126953125,3.1706440448760986
0,290,0.4481286406517029,-0.25857579708099365,1.1615406274795532,0.2044314295053482,0.469015896320343,-2.6075761318206787,0.004941582679748535,3.1478402614593506
0,291,0.4455218017101288,-0.2595639228820801,1.16059148311615,0.19647304713726044,0.48130175471305847,-2.633057117462158,0.004269599914550781,3.2466673851013184
0,292,0.44212111830711365,-0.2597108781337738,1.1594349145889282,0.18685966730117798,0.493440181016922,-2.657435655593872,0.003415346145629883,3.1518800258636475
0,293,0.4394338130950928,-0.2606390118598938,1.1584746837615967,0.1771765500307083,0.5054065585136414,-2.682162046432495,0.0026586055755615234,3.1758265495300293
0,294,0.4361450672149658,-0.2608623206615448,1.1574225425720215,0.16605637967586517,0.5171763896942139,-2.7058966159820557,0.0016938447952270508,3.028731107711792
0,295,0.4333268702030182,-0.26169899106025696,1.1564662456512451,0.15479573607444763,0.5285146832466125,-2.7298977375030518,0.0008147954940795898,2.9871439933776855
0,296,0.4301867187023163,-0.2620271146297455,1.1554871797561646,0.14244906604290009,0.5396623611450195,-2.7531378269195557,0.00019800662994384766,2.8177225589752197
0,297,0.42719677090644836,-0.2627323269844055,1.1545231342315674,0.1298336386680603,0.5500468015670776,-2.776500701904297,0.0012041330337524414,2.724263906478882
0,298,0.42424628138542175,-0.2632267475128174,1.1535637378692627,0.11661101132631302,0.5603277683258057,-2.7994441986083984,0.0021817684173583984,2.579064130783081
0,299,0.421036958694458,-0.26372382044792175,1.1525627374649048,0.1029362753033638,0.569514274597168,-2.822291851043701,0.0033015012741088867,2.4466464519500732
0,300,0.41830259561538696,-0.2644476592540741,1.1516146659851074,0.0891694575548172,0.5787588953971863,-2.8451027870178223,0.0042154788970947266,2.375204563140869
0,301,0.414883017539978,-0.2647172808647156,1.150679349899292,0.07460436224937439,0.5865472555160522,-2.867464542388916,0.005537271499633789,2.2190258502960205
0,302,0.4123559296131134,-0.26566749811172485,1.1499918699264526,0.06002811715006828,0.5942484736442566,-2.889906167984009,0.006632089614868164,2.211958646774292
0,303,0.40887418389320374,-0.2658107876777649,1.1492950916290283,0.043524689972400665,0.5994843244552612,-2.9110732078552246,0.008237957954406738,1.9636366367340088
0,304,0.4066718518733978,-0.2670152187347412,1.148095726966858,0.02553849294781685,0.6029443144798279,-2.931476354598999,0.008659601211547852,1.7738749980926514
0,305,0.4034056067466736,-0.26726797223091125,1.1440191268920898,0.002883167704567313,0.6008597612380981,-2.948852777481079,0.006772041320800781,1.0404224395751953
0,306,0.4000000059604645,-0.2676849961280823,1.1349388360977173,-0.02336656115949154,0.5941532254219055,-2.9641411304473877,0.0,0.0
0,307,0.3957345187664032,-0.26850953698158264,1.1383932828903198,0.006737356539815664,0.6066136956214905,-2.942896604537964,0.006390929222106934,1.3582590818405151
0,308,0.3940507471561432,-0.2691899240016937,1.1393728256225586,0.03167404234409332,0.6109288930892944,-2.918506622314453,0.008582234382629395,2.1298272609710693
0,309,0.3901180028915405,-0.26921072602272034,1.1393781900405884,0.05343203991651535,0.6107370257377625,-2.8918588161468506,0.011176586151123047,2.5495238304138184
0,310,0.3885085880756378,-0.27016741037368774,1.138424277305603,0.07171893864870071,0.6044658422470093,-2.8633713722229004,0.011423826217651367,2.706458330154419
0,311,0.38426804542541504,-0.2701648473739624,1.136684536933899,0.08934365957975388,0.5978881120681763,-2.8340952396392822,0.01245129108428955,2.7996716499328613
0,312,0.3825387954711914,-0.2713834047317505,1.135047197341919,0.10555591434240341,0.5878915190696716,-2.8044583797454834,0.012126564979553223,2.9200713634490967
0,313,0.3781846761703491,-0.2712007462978363,1.1328420639038086,0.12171313911676407,0.5794255137443542,-2.7741990089416504,0.012700438499450684,2.965175151824951
0,314,0.37646612524986267,-0.2725936472415924,1.1310862302780151,0.13702669739723206,0.5681238174438477,-2.744180202484131,0.012265920639038086,3.1690382957458496
0,315,0.3721705973148346,-0.2722773551940918,1.1288938522338867,0.15188466012477875,0.5587525963783264,-2.7130985260009766,0.012747049331665039,3.172372579574585
0,316,0.3703693449497223,-0.2737502455711365,1.127089262008667,0.1660289764404297,0.546714723110199,-2.682572841644287,0.01231229305267334,3.4076621532440186
0,317,0.36619505286216736,-0.27338674664497375,1.1249761581420898,0.17924141883850098,0.5367674231529236,-2.650536298751831,0.012731075286865234,3.3423428535461426
0,318,0.36427390575408936,-0.2748834788799286,1.1230992078781128,0.191842719912529,0.524468719959259,-2.6192798614501953,0.012279510498046875,3.5486719608306885
0,319,0.3602088689804077,-0.2744936943054199,1.1210193634033203,0.20321223139762878,0.5143417716026306,-2.5862348079681396,0.012592911720275879,3.397765636444092
0,320,0.35820460319519043,-0.27601057291030884,1.1190855503082275,0.21408572793006897,0.5021490454673767,-2.5541274547576904,0.012108683586120605,3.5416579246520996
0,321,0.35419031977653503,-0.2755919396877289,1.1169781684875488,0.2236231565475464,0.4922125041484833,-2.5201406478881836,0.012282609939575195,3.3067147731781006
0,322,0.35216066241264343,-0.2771447002887726,1.115014672279358,0.23277190327644348,0.4803268611431122,-2.4871909618377686,0.011754155158996582,3.379739761352539
0,323,0.34814712405204773,-0.2766769826412201,1.112851858139038,0.24063053727149963,0.47076499462127686,-2.4524080753326416,0.011777043342590332,3.081974983215332
0,324,0.3461277186870575,-0.2782738506793976,1.1108757257461548,0.24819377064704895,0.4592180550098419,-2.4187164306640625,0.01119697093963623,3.0937037467956543
0,325,0.34209954738616943,-0.2777685821056366,1.1086702346801758,0.25459176301956177,0.44999271631240845,-2.3833115100860596,0.011081933975219727,2.7827703952789307
0,326,0.34008505940437317,-0.27938979864120483,1.106695294380188,0.26076388359069824,0.43867072463035583,-2.3490121364593506,0.010459423065185547,2.7512190341949463
0,327,0.33606621623039246,-0.27888303995132446,1.1044886112213135,0.2658974528312683,0.4295511245727539,-2.313141345977783,0.010231614112854004,2.5020978450775146
0,328,0.33401334285736084,-0.28047990798950195,1.1025323867797852,0.27082809805870056,0.4182502031326294,-2.2783498764038086,0.009592652320861816,2.4500041007995605
0,329,0.3300551176071167,-0.28002840280532837,1.1003766059875488,0.27478811144828796,0.40891075134277344,-2.2421188354492188,0.009281039237976074,2.342512607574463
0,330,0.32790887355804443,-0.2815457880496979,1.098465085029602,0.27849820256233215,0.39737439155578613,-2.206904172897339,0.008660554885864258,2.2958426475524902
0,331,0.324056476354599,-0.2811996042728424,1.096409797668457,0.2812163233757019,0.38747620582580566,-2.1703524589538574,0.008298754692077637,2.3641366958618164
0,332,0.32178395986557007,-0.2825993299484253,1.0945836305618286,0.2835596799850464,0.37544822692871094,-2.134718656539917,0.007734060287475586,2.3398373126983643
0,333,0.3180517852306366,-0.2823827266693115,1.0926811695098877,0.2848171293735504,0.3647337853908539,-2.097817897796631,0.007372260093688965,2.5402944087982178
0,334,0.3156622648239136,-0.28365767002105713,1.0909943580627441,0.2855171263217926,0.35205045342445374,-2.0617072582244873,0.0068988800048828125,2.5296390056610107
0,335,0.3120323717594147,-0.28355923295021057,1.0892961025238037,0.2850292921066284,0.3404458463191986,-2.0243756771087646,0.006595015525817871,2.7856531143188477
0,336,0.30955883860588074,-0.28473135828971863,1.0878024101257324,0.2837882936000824,0.32714927196502686,-1.9876817464828491,0.006245851516723633,2.7655537128448486
0,337,0.3060070872306824,-0.28472644090652466,1.086342453956604,0.2813281714916229,0.3148484528064728,-1.9498076438903809,0.0060395002365112305,3.0222606658935547
0,338,0.303481787443161,-0.28581753373146057,1.085066318511963,0.2779446840286255,0.3012588918209076,-1.9123938083648682,0.005821824073791504,2.9747982025146484
0,339,0.29997891187667847,-0.2858860194683075,1.083843469619751,0.27342352271080017,0.2887416481971741,-1.8738548755645752,0.005718350410461426,3.213087797164917
0,340,0.29743024706840515,-0.28691259026527405,1.082755446434021,0.2678385376930237,0.2754324674606323,-1.8355704545974731,0.005589604377746582,3.1308159828186035
0,341,0.2939472496509552,-0.2870427966117859,1.081730842590332,0.2612922191619873,0.26338353753089905,-1.796242117881775,0.005555272102355957,3.3525195121765137
0,342,0.29138463735580444,-0.2880086600780487,1.0807536840438843,0.25356292724609375,0.2510692775249481,-1.7569423913955688,0.0054312944412231445,3.236581563949585
0,343,0.28791454434394836,-0.2882038354873657,1.0798791646957397,0.24509254097938538,0.24024564027786255,-1.716707468032837,0.005418062210083008,3.4419057369232178
0,344,0.2853279709815979,-0.2891004979610443,1.078931212425232,0.23534810543060303,0.2296573519706726,-1.676283359527588,0.005213022232055664,3.296396493911743
0,345,0.2818787693977356,-0.28936541080474854,1.0781704187393188,0.22507840394973755,0.22077885270118713,-1.6350514888763428,0.005181789398193359,3.4746289253234863
0,346,0.2792610824108124,-0.2901933491230011,1.0772039890289307,0.21348755061626434,0.21257659792900085,-1.5934511423110962,0.0048444271087646484,3.2956838607788086
0,347,0.2758396565914154,-0.2905172109603882,1.0765200853347778,0.20155654847621918,0.2062685340642929,-1.5511733293533325,0.004753828048706055,3.42862606048584
0,348,0.27318549156188965,-0.2912944257259369,1.075549602508545,0.18829666078090668,0.20101313292980194,-1.5084160566329956,0.004297971725463867,3.2044239044189453
0,349,0.2698030173778534,-0.2916569709777832,1.0748870372772217,0.1748519241809845,0.19779451191425323,-1.465098261833191,0.0040874481201171875,3.265247106552124
0,350,0.26709502935409546,-0.29240310192108154,1.0739949941635132,0.1601182520389557,0.19596098363399506,-1.421252727508545,0.0035963058471679688,2.983734369277954
0,351,0.26376891136169434,-0.2927949130535126,1.0732994079589844,0.14527052640914917,0.19624286890029907,-1.3769497871398926,0.0032099485397338867,2.936983108520508
0,352,0.2609851062297821,-0.29350751638412476,1.0726228952407837,0.1291181743144989,0.19815565645694733,-1.332115650177002,0.0028148889541625977,2.57769775390625
0,353,0.2577097415924072,-0.2939203977584839,1.0719571113586426,0.11283741146326065,0.20205600559711456,-1.2869091033935547,0.0023175477981567383,2.388352870941162
0,354,0.25484442710876465,-0.2945895791053772,1.0716644525527954,0.09507374465465546,0.20744183659553528,-1.2412006855010986,0.0021767616271972656,1.9128477573394775
0,355,0.2515718936920166,-0.2949897348880768,1.071109414100647,0.07680786401033401,0.21404187381267548,-1.1951990127563477,0.0016437768936157227,1.537224292755127
0,356,0.24866437911987305,-0.29548776149749756,1.0707752704620361,0.05669131129980087,0.22102327644824982,-1.1487549543380737,0.0012965202331542969,0.8661494851112366
0,357,0.2460000067949295,-0.2961199879646301,1.0695042610168457,0.03574126958847046,0.2277175486087799,-1.102117896080017,0.0,0.0
0,358,0.24917855858802795,-0.29649817943573,1.071029782295227,0.07567472010850906,0.2124635875225067,-1.0883315801620483,0.0018025636672973633,1.004831075668335
0,359,0.2528129518032074,-0.2970508635044098,1.071943759918213,0.11389929056167603,0.1957273632287979,-1.074372410774231,0.0029720067977905273,1.7546851634979248
0,360,0.25643032789230347,-0.29772886633872986,1.0726263523101807,0.14967964589595795,0.17718292772769928,-1.0601041316986084,0.0038442611694335938,2.414029359817505
0,361,0.2600633502006531,-0.29826244711875916,1.073420524597168,0.18346282839775085,0.15732143819332123,-1.0456897020339966,0.004701495170593262,3.000091791152954
0,362,0.2636297643184662,-0.29888299107551575,1.0743346214294434,0.2150808870792389,0.13625343143939972,-1.0310496091842651,0.005608201026916504,3.5406627655029297
0,363,0.26721736788749695,-0.2993987500667572,1.0753849744796753,0.24500282108783722,0.11439847946166992,-1.016332983970642,0.0065348148345947266,4.022629737854004
0,364,0.2707688510417938,-0.2999981641769409,1.0764694213867188,0.27297061681747437,0.0917426273226738,-1.0014768838882446,0.0074274539947509766,4.462165832519531
0,365,0.27433693408966064,-0.3005219101905823,1.0776071548461914,0.29926660656929016,0.06856588274240494,-0.9866034984588623,0.008264660835266113,4.849452972412109
0,366,0.27789244055747986,-0.30111053586006165,1.078735113143921,0.323588490486145,0.044842418283224106,-0.971652626991272,0.009020209312438965,5.189237117767334
0,367,0.2814513146877289,-0.3016502261161804,1.079884648323059,0.34611213207244873,0.020816629752516747,-0.9567275643348694,0.009697556495666504,5.480511665344238
0,368,0.2850223779678345,-0.3022266626358032,1.0810317993164062,0.36659836769104004,-0.0034587266854941845,-0.9417497515678406,0.010291695594787598,5.714362144470215
0,369,0.2885727286338806,-0.30278536677360535,1.0821791887283325,0.3851787745952606,-0.02775861881673336,-0.9268134236335754,0.01080012321472168,5.906309127807617
0,370,0.292167991399765,-0.30334362387657166,1.0833587646484375,0.40172871947288513,-0.05193672701716423,-0.9118006825447083,0.011245012283325195,6.027402400970459
0,371,0.29570743441581726,-0.303923100233078,1.0845115184783936,0.41635480523109436,-0.07582802325487137,-0.8968164324760437,0.011598348617553711,6.118273735046387
0,372,0.2993324100971222,-0.30445924401283264,1.085754156112671,0.4290491044521332,-0.09921535104513168,-0.8816956877708435,0.011924266815185547,6.123814582824707
0,373,0.30286160111427307,-0.3050570487976074,1.0869320631027222,0.4399043917655945,-0.12203892320394516,-0.8665634393692017,0.012148022651672363,6.115100860595703
0,374,0.30651330947875977,-0.30557459592819214,1.0882632732391357,0.44899582862854004,-0.14406174421310425,-0.8512383103370667,0.01238560676574707,6.0131731033325195
0,375,0.31003937125205994,-0.3061787784099579,1.089483618736267,0.456449955701828,-0.16534249484539032,-0.8358526229858398,0.012498617172241211,5.913407325744629
0,376,0.31369727849960327,-0.3066987097263336,1.0908955335617065,0.46234577894210815,-0.18569649755954742,-0.8202664256095886,0.012657642364501953,5.730767726898193
0,377,0.31723231077194214,-0.30728012323379517,1.092153549194336,0.466937392950058,-0.20526130497455597,-0.8045741319656372,0.01265108585357666,5.560420989990234
0,378,0.32086998224258423,-0.30783653259277344,1.093604326248169,0.4701724946498871,-0.2239627093076706,-0.7887455821037292,0.012717127799987793,5.339242458343506
0,379,0.3244219124317169,-0.3083653748035431,1.0948773622512817,0.47251561284065247,-0.24193452298641205,-0.7727629542350769,0.012565135955810547,5.130378723144531
0,380,0.32802945375442505,-0.30898064374923706,1.096326470375061,0.4736669361591339,-0.25921469926834106,-0.7567679286003113,0.012519121170043945,4.912786960601807
0,381,0.33159464597702026,-0.30945029854774475,1.097598910331726,0.4743013381958008,-0.2758650481700897,-0.7405502200126648,0.0122145414352417,4.700070858001709
0,382,0.33517739176750183,-0.310121089220047,1.0990221500396729,0.4738811254501343,-0.2920127511024475,-0.7244805097579956,0.012041687965393066,4.517613410949707
0,383,0.33875924348831177,-0.31053978204727173,1.1002986431121826,0.47319987416267395,-0.3076166808605194,-0.708091676235199,0.011598706245422363,4.326263427734375
0,384,0.34230440855026245,-0.31126052141189575,1.1016653776168823,0.47158294916152954,-0.3228853940963745,-0.6920216083526611,0.011286735534667969,4.200578212738037
0,385,0.34593868255615234,-0.3116282522678375,1.102964162826538,0.46986207365989685,-0.33765214681625366,-0.6755213737487793,0.010714054107666016,4.039535999298096
0,386,0.3494032919406891,-0.31240344047546387,1.1042494773864746,0.46728238463401794,-0.3522191047668457,-0.65948486328125,0.0102769136428833,3.982215642929077
0,387,0.35312703251838684,-0.3127162456512451,1.1055771112442017,0.46473246812820435,-0.3663237392902374,-0.642943799495697,0.009567856788635254,3.8543245792388916
0,388,0.3565184772014618,-0.3135324716567993,1.106784701347351,0.46134576201438904,-0.3802792429924011,-0.6269261837005615,0.009017586708068848,3.8556957244873047
0,389,0.36025840044021606,-0.3138425350189209,1.1081295013427734,0.4581136107444763,-0.3939242362976074,-0.6104648113250732,0.008225798606872559,3.7784383296966553
0,390,0.3637259304523468,-0.3145920932292938,1.1092896461486816,0.45408815145492554,-0.4073483347892761,-0.594400942325592,0.007489681243896484,3.8057031631469727
0,391,0.3673030138015747,-0.3150552809238434,1.1106281280517578,0.4502655565738678,-0.4208064675331116,-0.5781949758529663,0.0067555904388427734,3.812180757522583
0,392,0.3710014820098877,-0.3155735731124878,1.111725926399231,0.4458285868167877,-0.43380558490753174,-0.5620068311691284,0.005687713623046875,3.834102153778076
0,393,0.3743494153022766,-0.3163084089756012,1.11293363571167,0.4414927363395691,-0.44720470905303955,-0.5461509227752686,0.004980206489562988,3.93512225151062
0,394,0.37818264961242676,-0.3165874183177948,1.113847255706787,0.4367552399635315,-0.45952481031417847,-0.5296963453292847,0.0035234689712524414,3.9411888122558594
0,395,0.3814396858215332,-0.31749427318573,1.1148971319198608,0.4316587448120117,-0.4718252420425415,-0.5138791799545288,0.0027208328247070312,4.072608947753906
0,396,0.3851110637187958,-0.31772905588150024,1.1161739826202393,0.4258125126361847,-0.48121780157089233,-0.4966471493244171,0.0016787052154541016,4.009268760681152
0,397,0.38889074325561523,-0.3185744881629944,1.1182068586349487,0.4185936748981476,-0.4886729121208191,-0.47992056608200073,0.0014725923538208008,3.998361825942993
0,398,0.3922812044620514,-0.31892433762550354,1.1201441287994385,0.41031402349472046,-0.49196287989616394,-0.46128198504447937,0.0012798309326171875,3.791991949081421
0,399,0.3960381746292114,-0.31957945227622986,1.1219590902328491,0.40132924914360046,-0.4942519962787628,-0.4433385729789734,0.0008002519607543945,3.6593923568725586
0,400,0.39928191900253296,-0.32010936737060547,1.1241974830627441,0.3922945261001587,-0.49468308687210083,-0.4239071309566498,0.0010447502136230469,3.453320264816284
0,401,0.40316909551620483,-0.32059648633003235,1.1258639097213745,0.38317954540252686,-0.4953157305717468,-0.40532395243644714,0.0002809762954711914,3.330019235610962
0,402,0.4064567983150482,-0.3212764859199524,1.128558874130249,0.37418439984321594,-0.49521228671073914,-0.3857223093509674,0.0009981393814086914,3.2054011821746826
0,403,0.41029810905456543,-0.3216386139392853,1.1298688650131226,0.3651481866836548,-0.4950675666332245,-0.3667210042476654,0.00011539459228515625,3.116149663925171
0,404,0.41364628076553345,-0.32239797711372375,1.1325935125350952,0.35668957233428955,-0.49455633759498596,-0.34682852029800415,0.0006310939788818359,3.0242679119110107
0,405,0.4174001216888428,-0.322853147983551,1.1330251693725586,0.34952908754348755,-0.49365440011024475,-0.32658278942108154,0.001251220703125,2.8461320400238037
0,406,0.4207656681537628,-0.32385265827178955,1.1353908777236938,0.3463231921195984,-0.4930526614189148,-0.30423399806022644,0.0007762908935546875,2.4495246410369873
0,407,0.4244307279586792,-0.3245449960231781,1.1360604763031006,0.35001400113105774,-0.492931067943573,-0.2790478467941284,0.002255558967590332,1.5683531761169434
0,408,0.4280000627040863,-0.32455500960350037,1.1405731439590454,0.3630288243293762,-0.4947199821472168,-0.24989426136016846,0.0,0.0
0,409,0.43098247051239014,-0.3257501721382141,1.1401703357696533,0.354104608297348,-0.47691136598587036,-0.2832530736923218,0.0019284486770629883,1.4765775203704834
0,410,0.4340084493160248,-0.32597076892852783,1.1415472030639648,0.35385972261428833,-0.46010109782218933,-0.31282496452331543,0.0023610591888427734,2.235896348953247
0,411,0.43719983100891113,-0.3262331783771515,1.1440279483795166,0.36052870750427246,-0.4441979229450226,-0.33973634243011475,0.001754164695739746,2.4927713871002197
0,412,0.44001156091690063,-0.3268067240715027,1.1457774639129639,0.37005260586738586,-0.4275026321411133,-0.3648599684238434,0.0015327930450439453,2.5373647212982178
0,413,0.443288654088974,-0.32724058628082275,1.14774751663208,0.38075539469718933,-0.4107278287410736,-0.3895242512226105,0.0013805627822875977,2.4428834915161133
0,414,0.4460451304912567,-0.32795223593711853,1.148889422416687,0.39075303077697754,-0.39273980259895325,-0.4138490557670593,0.0016394853591918945,2.3754518032073975
0,415,0.4493328332901001,-0.32835307717323303,1.1507833003997803,0.40051567554473877,-0.37454232573509216,-0.43822991847991943,0.0015115737915039062,2.240356206893921
0,416,0.4520680904388428,-0.32911163568496704,1.1517449617385864,0.4088079333305359,-0.3550466299057007,-0.46260473132133484,0.0018641948699951172,2.1871330738067627
0,417,0.4554069936275482,-0.3294398784637451,1.1538947820663452,0.4169345200061798,-0.33531543612480164,-0.4869285225868225,0.0014537572860717773,2.0410470962524414
0,418,0.4581061899662018,-0.33026227355003357,1.154672384262085,0.42325520515441895,-0.31434109807014465,-0.5113974213600159,0.0018849372863769531,2.0082783699035645
0,419,0.46146854758262634,-0.33052459359169006,1.1571190357208252,0.4295855462551117,-0.2930341958999634,-0.5356308221817017,0.0011243820190429688,1.8486443758010864
0,420,0.4641554057598114,-0.33139559626579285,1.1576058864593506,0.4337374269962311,-0.2706502377986908,-0.5601835250854492,0.001752614974975586,1.8320550918579102
0,421,0.4675149619579315,-0.3316267728805542,1.160329818725586,0.43798860907554626,-0.24778889119625092,-0.5843431949615479,0.000629425048828125,1.665539026260376
0,422,0.47021862864494324,-0.33250725269317627,1.1604745388031006,0.43973955512046814,-0.22417618334293365,-0.6089956164360046,0.0015263557434082031,1.6613036394119263
0,423,0.4735432267189026,-0.33274561166763306,1.1633949279785156,0.44158315658569336,-0.1999240666627884,-0.6331445574760437,8.821487426757812e-05,1.4969788789749146
0,424,0.47628629207611084,-0.3336089849472046,1.1632359027862549,0.44072195887565613,-0.1753646582365036,-0.657931387424469,0.0012270212173461914,1.5029802322387695
0,425,0.47956153750419617,-0.3338643014431,1.1661913394927979,0.43987712264060974,-0.15002669394016266,-0.6821497678756714,0.00037872791290283203,1.347119688987732
0,426,0.4823436737060547,-0.3347177803516388,1.1658178567886353,0.436237096786499,-0.1248854398727417,-0.707120954990387,0.0009027719497680664,1.3645836114883423
0,427,0.48558321595191956,-0.3349720537662506,1.1686347723007202,0.43252238631248474,-0.0988883227109909,-0.7314926981925964,0.0006890296936035156,1.2169182300567627
0,428,0.488383948802948,-0.3358367085456848,1.1681309938430786,0.4259929656982422,-0.07358156144618988,-0.7567017078399658,0.0006291866302490234,1.2491350173950195
0,429,0.49161237478256226,-0.3360709846019745,1.1706682443618774,0.4193173348903656,-0.047434259206056595,-0.7813012003898621,0.0007957220077514648,1.1078283786773682
0,430,0.4944084584712982,-0.336960107088089,1.1700929403305054,0.40987420082092285,-0.02239910513162613,-0.8067958354949951,0.0004824399948120117,1.1558908224105835
0,431,0.49764543771743774,-0.33717334270477295,1.1722532510757446,0.4002200961112976,0.0033440599218010902,-0.831680417060852,0.0006756782531738281,1.0200996398925781
0,432,0.5004300475120544,-0.3380705714225769,1.1716506481170654,0.3879525065422058,0.027688557282090187,-0.8574957847595215,0.0005171298980712891,1.0791964530944824
0,433,0.5036649703979492,-0.3382994532585144,1.173370599746704,0.3753587007522583,0.052454814314842224,-0.8826982975006104,0.00033020973205566406,0.9542911648750305
0,434,0.506475567817688,-0.33914706110954285,1.1727943420410156,0.36048564314842224,0.07574828714132309,-0.9088521003723145,0.0007486343383789062,1.0056097507476807
0,435,0.5096403956413269,-0.3394755423069,1.1740269660949707,0.34503015875816345,0.09897419065237045,-0.9343783855438232,0.00021219253540039062,0.911286473274231
0,436,0.512584388256073,-0.3401588797569275,1.1735594272613525,0.32789772748947144,0.12094676494598389,-0.9608753323554993,0.001149892807006836,0.9106420874595642
0,437,0.515533447265625,-0.34073740243911743,1.1742751598358154,0.30968230962753296,0.14211800694465637,-0.9867026209831238,0.0008783340454101562,0.8956925868988037
0,438,0.5187991261482239,-0.3410685360431671,1.1740103960037231,0.2907189428806305,0.16259320080280304,-1.0135020017623901,0.0016616582870483398,0.7694854140281677
0,439,0.5213083624839783,-0.3421202301979065,1.1742231845855713,0.26988670229911804,0.18129660189151764,-1.0395851135253906,0.0015474557876586914,0.9108569025993347
0,440,0.5251411199569702,-0.34185823798179626,1.1742159128189087,0.24948114156723022,0.20013774931430817,-1.066667914390564,0.00220489501953125,0.5760728716850281
0,441,0.5269927978515625,-0.34358906745910645,1.17402982711792,0.22631670534610748,0.216147780418396,-1.0929172039031982,0.0020842552185058594,0.9427381753921509
0,442,0.5314942598342896,-0.342661052942276,1.1742289066314697,0.2046312838792801,0.23313529789447784,-1.1202600002288818,0.0026532411575317383,0.40056267380714417
0,443,0.5328138470649719,-0.3449016213417053,1.1738576889038086,0.17966051399707794,0.2465028464794159,-1.146520733833313,0.0024290084838867188,0.9065501689910889
0,444,0.5375697612762451,-0.3437560498714447,1.1741095781326294,0.15659582614898682,0.2612607777118683,-1.174129605293274,0.0028405189514160156,0.3232465386390686
0,445,0.5389912128448486,-0.34586766362190247,1.173790454864502,0.1304612010717392,0.2722405195236206,-1.200282096862793,0.0025482177734375,0.7225342988967896
0,446,0.5433183312416077,-0.3451502323150635,1.173944115638733,0.10589826107025146,0.28437936305999756,-1.2280538082122803,0.002711057662963867,0.2783624827861786
0,447,0.5453904867172241,-0.34666383266448975,1.173813819885254,0.07910271733999252,0.29320070147514343,-1.2541165351867676,0.0023535490036010742,0.4647810161113739
0,448,0.5489755272865295,-0.346574991941452,1.1737937927246094,0.053129278123378754,0.3025033175945282,-1.2818164825439453,0.0023195743560791016,0.2365625500679016
0,449,0.5517602562904358,-0.3475211560726166,1.1738507747650146,0.02598232589662075,0.3092692494392395,-1.3079155683517456,0.0018318891525268555,0.27124202251434326
0,450,0.5547260642051697,-0.3479098379611969,1.1736462116241455,-0.0011189120123162866,0.3157223165035248,-1.335290551185608,0.0017143487930297852,0.20367176830768585
0,451,0.5579999089241028,-0.3484667241573334,1.173779845237732,-0.028409726917743683,0.3204560875892639,-1.3615412712097168,0.0011109113693237305,0.2157999724149704
0,452,0.5606095194816589,-0.3491637408733368,1.1734205484390259,-0.05623508244752884,0.32417455315589905,-1.38843834400177,0.0009590387344360352,0.16312941908836365
0,453,0.5641070604324341,-0.3494832217693329,1.1734721660614014,-0.0834946557879448,0.32684949040412903,-1.4148632287979126,0.0003447532653808594,0.2220563441514969
0,454,0.566593587398529,-0.3503556251525879,1.172996163368225,-0.11160040646791458,0.32798635959625244,-1.4412624835968018,0.00015938282012939453,0.11014342308044434
0,455,0.5701455473899841,-0.3505459427833557,1.172844409942627,-0.1386646181344986,0.3284980058670044,-1.4677797555923462,0.0003666877746582031,0.21489134430885315
0,456,0.5726271867752075,-0.35149550437927246,1.1722383499145508,-0.16666676104068756,0.3270784020423889,-1.4937357902526855,0.0005515813827514648,0.05595290660858154
0,457,0.5761563777923584,-0.35163822770118713,1.1717181205749512,-0.19338029623031616,0.325118750333786,-1.520159363746643,0.0008362531661987305,0.18130820989608765
0,458,0.578800618648529,-0.35250574350357056,1.1705554723739624,-0.22108231484889984,0.3209041953086853,-1.545693278312683,0.0005800724029541016,0.01978234015405178
0,459,0.5820000171661377,-0.35298997163772583,1.1690001487731934,-0.2477779984474182,0.31615111231803894,-1.5716179609298706,0.0,0.0
0,460,0.5789366364479065,-0.3535497784614563,1.1702625751495361,-0.2378673553466797,0.31153932213783264,-1.6028987169265747,0.0006623268127441406,0.12820424139499664
0,461,0.5758934020996094,-0.35410362482070923,1.17095148563385,-0.2278670370578766,0.3068270683288574,-1.6341726779937744,0.0008168220520019531,0.20367176830768585
0,462,0.5729044675827026,-0.35468897223472595,1.1714352369308472,-0.21753478050231934,0.3023366630077362,-1.6655863523483276,0.000850677490234375,0.2639295756816864
0,463,0.5698672533035278,-0.3552206754684448,1.1716601848602295,-0.2071252465248108,0.2984572947025299,-1.6971367597579956,0.0006606578826904297,0.29341983795166016
0,464,0.5668827295303345,-0.35580718517303467,1.1718926429748535,-0.19643963873386383,0.29524075984954834,-1.728859543800354,0.0005688667297363281,0.3322024643421173
0,465,0.5638449788093567,-0.35633087158203125,1.1719690561294556,-0.185799703001976,0.2928764522075653,-1.7607479095458984,0.0003552436828613281,0.3437809348106384
0,466,0.5608657002449036,-0.35692381858825684,1.1720128059387207,-0.17499728500843048,0.29122933745384216,-1.7927451133728027,0.0002040863037109375,0.37272849678993225
0,467,0.557822585105896,-0.35744237899780273,1.1719622611999512,-0.16440851986408234,0.29045605659484863,-1.8248671293258667,9.298324584960938e-06,0.3674412965774536
0,468,0.5548486113548279,-0.3580387234687805,1.1717761754989624,-0.1537865549325943,0.2904094159603119,-1.8570476770401,0.0002607107162475586,0.38815826177597046
0,469,0.5517996549606323,-0.35855942964553833,1.1716256141662598,-0.14354881644248962,0.29118427634239197,-1.8892549276351929,0.0004423856735229492,0.3679734468460083
0,470,0.5488256216049194,-0.3591475486755371,1.171190857887268,-0.13339951634407043,0.2926848530769348,-1.9215258359909058,0.00081634521484375,0.3876538574695587
0,471,0.5457755923271179,-0.35968437790870667,1.1709790229797363,-0.12378186732530594,0.2949412763118744,-1.9536675214767456,0.0009216070175170898,0.37009432911872864
0,472,0.5427917242050171,-0.3602466583251953,1.17030930519104,-0.1143515408039093,0.2978869676589966,-1.9859418869018555,0.0014095306396484375,0.4000738859176636
0,473,0.5397534966468811,-0.360819548368454,1.1700658798217773,-0.10555435717105865,0.3015214502811432,-2.0178897380828857,0.0014015436172485352,0.41777846217155457
0,474,0.5367429852485657,-0.36133670806884766,1.169213056564331,-0.09703619033098221,0.3057909905910492,-2.0500845909118652,0.001956462860107422,0.47229820489883423
0,475,0.5337351560592651,-0.36196213960647583,1.1689530611038208,-0.0891658142209053,0.3106830418109894,-2.0817525386810303,0.0018171072006225586,0.54104083776474
0,476,0.5306824445724487,-0.36242392659187317,1.1680008172988892,-0.08169902861118317,0.31615638732910156,-2.1137866973876953,0.0023556947708129883,0.625575602054596
0,477,0.5277153253555298,-0.3631010055541992,1.1677196025848389,-0.0748167410492897,0.32219335436820984,-2.145127773284912,0.0020940303802490234,0.72793048620224
0,478,0.5246244668960571,-0.3635236918926239,1.166771650314331,-0.06844493746757507,0.3287665843963623,-2.17692494392395,0.0025053024291992188,0.8369664549827576
0,479,0.5216801762580872,-0.36421889066696167,1.166448950767517,-0.0626201331615448,0.33585917949676514,-2.2079288959503174,0.0021551847457885742,0.9516217112541199
0,480,0.5185897350311279,-0.36465340852737427,1.1656063795089722,-0.057350870221853256,0.34345418214797974,-2.2394204139709473,0.002325892448425293,1.0721015930175781
0,481,0.5156155824661255,-0.3653019070625305,1.1652204990386963,-0.0526433102786541,0.3515399694442749,-2.2700588703155518,0.0019245147705078125,1.186466932296753
0,482,0.5125901699066162,-0.3658203184604645,1.1645570993423462,-0.048520058393478394,0.36010318994522095,-2.3011720180511475,0.0017724037170410156,1.299954891204834
0,483,0.5095226764678955,-0.366351842880249,1.1640914678573608,-0.04501090198755264,0.3691384196281433,-2.331427574157715,0.0013457536697387695,1.408754825592041
0,484,0.5066202878952026,-0.36701467633247375,1.163647174835205,-0.04213731735944748,0.3786269724369049,-2.3620619773864746,0.0008330345153808594,1.4991995096206665
0,485,0.5034167170524597,-0.3673853874206543,1.1630827188491821,-0.039965495467185974,0.3885647654533386,-2.391885995864868,0.0003992319107055664,1.5937273502349854
0,486,0.5006612539291382,-0.3682137429714203,1.1628628969192505,-0.03851329907774925,0.39891675114631653,-2.421917200088501,0.00046694278717041016,1.6510233879089355
0,487,0.49732136726379395,-0.368427574634552,1.1621861457824707,-0.03787604719400406,0.4096674919128418,-2.4512088298797607,0.0009022951126098633,1.7178276777267456
0,488,0.4946863055229187,-0.3693913221359253,1.1621346473693848,-0.03806014358997345,0.42075416445732117,-2.4805166721343994,0.002049565315246582,1.7384380102157593
0,489,0.49125921726226807,-0.36950361728668213,1.1613723039627075,-0.03916729986667633,0.43213266134262085,-2.5091264247894287,0.002520442008972168,1.762808084487915
0,490,0.48866498470306396,-0.37051132321357727,1.1613391637802124,-0.04117608442902565,0.44370320439338684,-2.537607192993164,0.0037841796875,1.748092532157898
0,491,0.4852633774280548,-0.3706585764884949,1.1605615615844727,-0.044160857796669006,0.45538151264190674,-2.5654079914093018,0.004365205764770508,1.7240819931030273
0,492,0.4825628995895386,-0.3715299367904663,1.1603418588638306,-0.04806196317076683,0.46703702211380005,-2.5929861068725586,0.005530834197998047,1.6781808137893677
0,493,0.4793349504470825,-0.3719012141227722,1.1595892906188965,-0.05288921296596527,0.4785449206829071,-2.619943618774414,0.006258130073547363,1.6171313524246216
0,494,0.47641482949256897,-0.37249431014060974,1.159016489982605,-0.058558497577905655,0.48977577686309814,-2.6466124057769775,0.007161855697631836,1.5469956398010254
0,495,0.4734007716178894,-0.37314173579216003,1.1582368612289429,-0.06499774754047394,0.5005779266357422,-2.67278790473938,0.007966279983520508,1.47419011592865
0,496,0.4702984392642975,-0.37350618839263916,1.157249927520752,-0.07212367653846741,0.510871946811676,-2.6986496448516846,0.008554935455322266,1.393952488899231
0,497,0.467393696308136,-0.37430593371391296,1.156311273574829,-0.07980407029390335,0.5204883217811584,-2.724153995513916,0.009293437004089355,1.3323673009872437
0,498,0.46425628662109375,-0.37461596727371216,1.1549566984176636,-0.08797202259302139,0.5294576287269592,-2.7493913173675537,0.009605050086975098,1.2651678323745728
0,499,0.461303174495697,-0.37537285685539246,1.153720498085022,-0.09648669511079788,0.537585973739624,-2.7743425369262695,0.010139822959899902,1.2270070314407349
0,500,0.4582659900188446,-0.37580806016921997,1.152098298072815,-0.10528377443552017,0.5450250506401062,-2.7991483211517334,0.010261178016662598,1.1961582899093628
0,501,0.4551839828491211,-0.37639644742012024,1.1504958868026733,-0.11428798735141754,0.5516008734703064,-2.8236465454101562,0.010519146919250488,1.185146689414978
0,502,0.45227622985839844,-0.37701615691185,1.148696780204773,-0.12335914373397827,0.5574824213981628,-2.848175048828125,0.010533332824707031,1.2049598693847656
0,503,0.44908326864242554,-0.3774294853210449,1.1467657089233398,-0.1326024979352951,0.5625939965248108,-2.872321128845215,0.010538816452026367,1.224932074546814
0,504,0.4462585151195526,-0.37818706035614014,1.1448801755905151,-0.14157439768314362,0.5669752955436707,-2.8967089653015137,0.010533809661865234,1.3059624433517456
0,505,0.4430266320705414,-0.37849506735801697,1.1427773237228394,-0.15076510608196259,0.5706980228424072,-2.920670747756958,0.010422706604003906,1.3705934286117554
0,506,0.4402185380458832,-0.37930333614349365,1.140867829322815,-0.15928924083709717,0.5735675096511841,-2.945056438446045,0.010459303855895996,1.524440884590149
0,507,0.43700355291366577,-0.37959158420562744,1.1384376287460327,-0.16870930790901184,0.5759984850883484,-2.9687466621398926,0.010065674781799316,1.6094893217086792
0,508,0.43416857719421387,-0.380530446767807,1.1354249715805054,-0.17961038649082184,0.5780400037765503,-2.9919886589050293,0.009111166000366211,1.628587245941162
0,509,0.43096470832824707,-0.3810417354106903,1.1301043033599854,-0.1973857283592224,0.5813255906105042,-3.0121052265167236,0.005950808525085449,1.1531789302825928
0,510,0.4280000329017639,-0.38142499327659607,1.1221638917922974,-0.2250152975320816,0.5866586565971375,-3.028456687927246,0.0,0.0
