method,metric,scale,n,mean,std,baseline_scale,baseline_mean,delta_vs_baseline,pct_change_vs_baseline
ecomann,proj_true_dist,0.2,21,0.7989723426955087,0.3218469816941221,0.2,0.7989723426955087,0.0,0.0
ecomann,proj_true_dist,0.5,21,0.8268933423927852,0.426717288560268,0.2,0.7989723426955087,0.02792099969727657,3.494614044220723
ecomann,proj_true_dist,0.75,21,0.7952700243109748,0.41002588226245834,0.2,0.7989723426955087,-0.0037023183845338314,-0.4633850493551813
ecomann,proj_true_dist,1.0,21,0.617612627290544,0.297813856837298,0.2,0.7989723426955087,-0.18135971540496465,-22.699123075162756
ecomann,proj_true_dist,1.5,21,0.5473529994487762,0.2228001139349182,0.2,0.7989723426955087,-0.2516193432467324,-31.492872756751417
ecomann,proj_true_dist,3.0,21,0.6313026079109737,0.33128621816420073,0.2,0.7989723426955087,-0.16766973478453495,-20.985674450114793
ecomann,proj_manifold_dist,0.2,21,0.4783451230753036,0.15787135302098235,0.2,0.4783451230753036,0.0,0.0
ecomann,proj_manifold_dist,0.5,21,0.41560469071070355,0.15089756482767167,0.2,0.4783451230753036,-0.06274043236460003,-13.116143415707636
ecomann,proj_manifold_dist,0.75,21,0.4431478423731668,0.19986695680726524,0.2,0.4783451230753036,-0.03519728070213679,-7.35813516313322
ecomann,proj_manifold_dist,1.0,21,0.34162026714710964,0.189479272920792,0.2,0.4783451230753036,-0.13672485592819394,-28.58288907581692
ecomann,proj_manifold_dist,1.5,21,0.29495120474270414,0.1212244725756171,0.2,0.4783451230753036,-0.18339391833259944,-38.33924701762426
ecomann,proj_manifold_dist,3.0,21,0.3570960703350249,0.1517383406135052,0.2,0.4783451230753036,-0.1212490527402787,-25.34760926603845
ecomann,bidirectional_chamfer,0.2,21,0.8507961999802363,0.5175479318047826,0.2,0.8507961999802363,0.0,0.0
ecomann,bidirectional_chamfer,0.5,21,0.6869797103461766,0.48908107796381745,0.2,0.8507961999802363,-0.1638164896340597,-19.254492396400586
ecomann,bidirectional_chamfer,0.75,21,0.6922663166409447,0.44946384079247315,0.2,0.8507961999802363,-0.15852988333929152,-18.633120757118345
ecomann,bidirectional_chamfer,1.0,21,0.4904692392973673,0.402774431163224,0.2,0.8507961999802363,-0.36032696068286896,-42.3517360198881
ecomann,bidirectional_chamfer,1.5,21,0.38671502009743736,0.22181458315924363,0.2,0.8507961999802363,-0.4640811798827989,-54.546691662889344
ecomann,bidirectional_chamfer,3.0,21,0.4652161527247656,0.24254059540798265,0.2,0.8507961999802363,-0.3855800472554707,-45.319907078149576
ecomann,pred_recall,0.2,21,0.6553595731089169,0.24770665328725236,0.2,0.6553595731089169,0.0,0.0
ecomann,pred_recall,0.5,21,0.6778772936947697,0.18017835326158002,0.2,0.6553595731089169,0.022517720585852774,3.4359337239910066
ecomann,pred_recall,0.75,21,0.7183156503585201,0.11824572116717767,0.2,0.6553595731089169,0.06295607724960317,9.606341286959463
ecomann,pred_recall,1.0,21,0.807686177537993,0.0794387114970208,0.2,0.6553595731089169,0.15232660442907608,23.243210396159164
ecomann,pred_recall,1.5,21,0.84383101707194,0.07430235518158132,0.2,0.6553595731089169,0.18847144396302307,28.758478810181387
ecomann,pred_recall,3.0,21,0.8410130099478308,0.07631089984006818,0.2,0.6553595731089169,0.1856534368389139,28.32848476725606
ecomann,pred_precision,0.2,21,0.022298177083333332,0.039003276434639716,0.2,0.022298177083333332,0.0,0.0
ecomann,pred_precision,0.5,21,0.030319940476190476,0.04222613924981499,0.2,0.022298177083333332,0.008021763392857144,35.97497393117832
ecomann,pred_precision,0.75,21,0.038051060267857144,0.05493008275320685,0.2,0.022298177083333332,0.01575288318452381,70.64650677789365
ecomann,pred_precision,1.0,21,0.05512927827380952,0.06524653608290024,0.2,0.022298177083333332,0.03283110119047619,147.2367049009385
ecomann,pred_precision,1.5,21,0.06604585193452381,0.08371021389873658,0.2,0.022298177083333332,0.04374767485119048,196.1939520333681
ecomann,pred_precision,3.0,21,0.0745210193452381,0.11454876506262084,0.2,0.022298177083333332,0.05222284226190477,234.2022940563087
ecomann,pred_FPrate,0.2,21,0.5081380991951706,0.3168598755493225,0.2,0.5081380991951706,0.0,0.0
ecomann,pred_FPrate,0.5,21,0.340959126221426,0.25606034319058035,0.2,0.5081380991951706,-0.16717897297374462,-32.90030274024639
ecomann,pred_FPrate,0.75,21,0.27863261197942135,0.2524492640711358,0.2,0.5081380991951706,-0.22950548721574926,-45.16596720050282
ecomann,pred_FPrate,1.0,21,0.26149709345065836,0.31115440522872295,0.2,0.5081380991951706,-0.24664100574451225,-48.538184036025214
ecomann,pred_FPrate,1.5,21,0.19299010894877006,0.23894235261805744,0.2,0.5081380991951706,-0.31514799024640056,-62.02014585120795
ecomann,pred_FPrate,3.0,21,0.19124587664347345,0.24098616175095583,0.2,0.5081380991951706,-0.31689222255169713,-62.36340535252447
ecomann,train_seconds,0.2,21,20.643607303727464,22.090016438799122,0.2,20.643607303727464,0.0,0.0
ecomann,train_seconds,0.5,21,57.291059085325934,66.66283216307657,0.2,20.643607303727464,36.64745178159847,177.52445705059168
ecomann,train_seconds,0.75,21,100.18018441868203,117.32162293152405,0.2,20.643607303727464,79.53657711495457,385.2842962217812
ecomann,train_seconds,1.0,21,157.4631746758657,189.0944739596586,0.2,20.643607303727464,136.81956737213824,662.7696669439829
ecomann,train_seconds,1.5,21,304.8871439892017,372.73540364783145,0.2,20.643607303727464,284.2435366854743,1376.908272393607
ecomann,train_seconds,3.0,21,1032.6478109119398,1246.6486869001396,0.2,20.643607303727464,1012.0042036082124,4902.264360674417
oncl,proj_true_dist,0.2,21,0.4535014231999715,0.11054883578550652,0.2,0.4535014231999715,0.0,0.0
oncl,proj_true_dist,0.5,21,0.3317887027348791,0.14183226116678269,0.2,0.4535014231999715,-0.1217127204650924,-26.838442888727865
oncl,proj_true_dist,0.75,21,0.3200826666184834,0.13904135011740876,0.2,0.4535014231999715,-0.1334187565814881,-29.419699642851416
oncl,proj_true_dist,1.0,21,0.2787136696279049,0.15750544849835846,0.2,0.4535014231999715,-0.1747877535720666,-38.54183132188186
oncl,proj_true_dist,1.5,21,0.26138834229537417,0.17064892074253676,0.2,0.4535014231999715,-0.19211308090459733,-42.36217817113334
oncl,proj_true_dist,3.0,21,0.2601779152949651,0.17063332926689875,0.2,0.4535014231999715,-0.1933235079050064,-42.62908516160497
oncl,proj_manifold_dist,0.2,21,0.23783464836222784,0.09951948809776397,0.2,0.23783464836222784,0.0,0.0
oncl,proj_manifold_dist,0.5,21,0.10176884418442136,0.08460323771264619,0.2,0.23783464836222784,-0.13606580417780648,-57.2102530538675
oncl,proj_manifold_dist,0.75,21,0.09347226133658773,0.08325566826748244,0.2,0.23783464836222784,-0.1443623870256401,-60.698635804221745
oncl,proj_manifold_dist,1.0,21,0.06005229783200082,0.03264937337694755,0.2,0.23783464836222784,-0.177782350530227,-74.75039980695338
oncl,proj_manifold_dist,1.5,21,0.04349314740725926,0.015328413904191245,0.2,0.23783464836222784,-0.19434150095496858,-81.71286324059135
oncl,proj_manifold_dist,3.0,21,0.03764830325685796,0.01249957040101546,0.2,0.23783464836222784,-0.20018634510536987,-84.17038748722653
oncl,bidirectional_chamfer,0.2,21,0.4598652386949176,0.4333374529470999,0.2,0.4598652386949176,0.0,0.0
oncl,bidirectional_chamfer,0.5,21,0.16924998181916417,0.1853986348796093,0.2,0.4598652386949176,-0.2906152568757534,-63.195743540109696
oncl,bidirectional_chamfer,0.75,21,0.1455077257539545,0.16347030451496652,0.2,0.4598652386949176,-0.3143575129409631,-68.35861606611088
oncl,bidirectional_chamfer,1.0,21,0.09275071074565251,0.059606577172333655,0.2,0.4598652386949176,-0.3671145279492651,-79.83089328324185
oncl,bidirectional_chamfer,1.5,21,0.07159194013192541,0.02780031087952416,0.2,0.4598652386949176,-0.3882732985629922,-84.43197395500017
oncl,bidirectional_chamfer,3.0,21,0.06626481837814763,0.031084244403870285,0.2,0.4598652386949176,-0.39360042031676995,-85.59038326832335
oncl,pred_recall,0.2,21,0.1426369012901165,0.11045530019574214,0.2,0.1426369012901165,0.0,0.0
oncl,pred_recall,0.5,21,0.43434507897161,0.1837932946233756,0.2,0.1426369012901165,0.2917081776814935,204.51101716530795
oncl,pred_recall,0.75,21,0.525800299268147,0.21022262076864032,0.2,0.1426369012901165,0.38316339797803045,268.62852074912564
oncl,pred_recall,1.0,21,0.6533070316441927,0.1352127634703295,0.2,0.1426369012901165,0.5106701303540762,358.02104906597634
oncl,pred_recall,1.5,21,0.7600969236484327,0.11412647606567396,0.2,0.1426369012901165,0.6174600223583162,432.88939732533356
oncl,pred_recall,3.0,21,0.829000420086378,0.07497460765210537,0.2,0.1426369012901165,0.6863635187962615,481.1963191770631
oncl,pred_precision,0.2,21,0.13762555803571427,0.10397330229771345,0.2,0.13762555803571427,0.0,0.0
oncl,pred_precision,0.5,21,0.43737211681547616,0.3251183186160205,0.2,0.13762555803571427,0.29974655877976186,217.79861463084978
oncl,pred_precision,0.75,21,0.5174618675595238,0.3507058163953893,0.2,0.13762555803571427,0.37983630952380953,275.99256631187706
oncl,pred_precision,1.0,21,0.580322265625,0.3629271309253127,0.2,0.13762555803571427,0.4426967075892857,321.66751140395337
oncl,pred_precision,1.5,21,0.6626674107142857,0.36089286481027183,0.2,0.13762555803571427,0.5250418526785714,381.500253421186
oncl,pred_precision,3.0,21,0.7088099888392857,0.31806977696617306,0.2,0.13762555803571427,0.5711844308035714,415.02787633046125
oncl,pred_FPrate,0.2,21,0.014095997292037995,0.013745344019695554,0.2,0.014095997292037995,0.0,0.0
oncl,pred_FPrate,0.5,21,0.0036032558499023643,0.004881024454007002,0.2,0.014095997292037995,-0.01049274144213563,-74.43773735727352
oncl,pred_FPrate,0.75,21,0.0042230198681715465,0.0069029678393303755,0.2,0.014095997292037995,-0.009872977423866449,-70.04099972013414
oncl,pred_FPrate,1.0,21,0.001746316630482295,0.0025625273977794914,0.2,0.014095997292037995,-0.012349680661555701,-87.61125875450695
oncl,pred_FPrate,1.5,21,0.0005988575874101088,0.0005578365743147654,0.2,0.014095997292037995,-0.013497139704627886,-95.75157702571092
oncl,pred_FPrate,3.0,21,0.0005521835575481779,0.0006160193226784537,0.2,0.014095997292037995,-0.013543813734489818,-96.08269251115654
oncl,train_seconds,0.2,21,14.319371274539403,14.142313117069572,0.2,14.319371274539403,0.0,0.0
oncl,train_seconds,0.5,21,30.170057111913117,33.874021424510424,0.2,14.319371274539403,15.850685837373714,110.69400697471312
oncl,train_seconds,0.75,21,44.97296234204329,49.945483625996076,0.2,14.319371274539403,30.653591067503886,214.07078900180196
oncl,train_seconds,1.0,21,61.670024676087664,73.59772887144473,0.2,14.319371274539403,47.35065340154826,330.6755058843974
oncl,train_seconds,1.5,21,84.24159849934291,96.8306956996514,0.2,14.319371274539403,69.9222272248035,488.3051489078219
oncl,train_seconds,3.0,21,163.58424445042397,200.5366235988709,0.2,14.319371274539403,149.26487317588456,1042.3982332330845
